Date,Venue,Race,Length
23/10/2019,Happy Valley,1,1650
23/10/2019,Happy Valley,2,1000
23/10/2019,Happy Valley,3,1650
23/10/2019,Happy Valley,4,1650
23/10/2019,Happy Valley,5,1200
23/10/2019,Happy Valley,6,1200
23/10/2019,Happy Valley,7,1650
23/10/2019,Happy Valley,8,1200
23/10/2019,Happy Valley,9,1200
20/10/2019,Sha Tin,1,1400
20/10/2019,Sha Tin,2,1200
20/10/2019,Sha Tin,3,1200
20/10/2019,Sha Tin,4,1000
20/10/2019,Sha Tin,5,1600
20/10/2019,Sha Tin,6,1400
20/10/2019,Sha Tin,7,1200
20/10/2019,Sha Tin,8,1600
20/10/2019,Sha Tin,9,1400
20/10/2019,Sha Tin,10,1400
16/10/2019,Happy Valley,1,1800
16/10/2019,Happy Valley,2,1000
16/10/2019,Happy Valley,3,1650
16/10/2019,Happy Valley,4,1800
16/10/2019,Happy Valley,5,1800
16/10/2019,Happy Valley,6,1200
16/10/2019,Happy Valley,7,1200
16/10/2019,Happy Valley,8,1650
12/10/2019,Sha Tin,1,1600
12/10/2019,Sha Tin,2,1000
12/10/2019,Sha Tin,3,1200
12/10/2019,Sha Tin,4,1400
12/10/2019,Sha Tin,5,1400
12/10/2019,Sha Tin,6,1200
12/10/2019,Sha Tin,7,1800
12/10/2019,Sha Tin,8,1600
12/10/2019,Sha Tin,9,1000
12/10/2019,Sha Tin,10,1400
09/10/2019,Happy Valley,2,1650
09/10/2019,Happy Valley,3,1200
09/10/2019,Happy Valley,4,1200
09/10/2019,Happy Valley,5,1650
09/10/2019,Happy Valley,6,1200
09/10/2019,Happy Valley,7,1650
09/10/2019,Happy Valley,8,1200
09/10/2019,Happy Valley,9,1000
06/10/2019,Sha Tin,1,1800
06/10/2019,Sha Tin,2,1800
06/10/2019,Sha Tin,3,1650
06/10/2019,Sha Tin,4,1200
06/10/2019,Sha Tin,5,1400
06/10/2019,Sha Tin,6,1650
06/10/2019,Sha Tin,7,1650
06/10/2019,Sha Tin,8,1400
06/10/2019,Sha Tin,10,1400
01/10/2019,Sha Tin,1,1200
01/10/2019,Sha Tin,2,1200
01/10/2019,Sha Tin,3,1000
01/10/2019,Sha Tin,4,1600
01/10/2019,Sha Tin,5,1400
01/10/2019,Sha Tin,6,1800
01/10/2019,Sha Tin,7,1400
01/10/2019,Sha Tin,8,1200
01/10/2019,Sha Tin,9,1400
01/10/2019,Sha Tin,10,1200
25/09/2019,Happy Valley,1,1800
25/09/2019,Happy Valley,2,1200
25/09/2019,Happy Valley,3,1200
25/09/2019,Happy Valley,4,1800
25/09/2019,Happy Valley,5,1200
25/09/2019,Happy Valley,6,1000
25/09/2019,Happy Valley,7,1200
25/09/2019,Happy Valley,8,1650
25/09/2019,Happy Valley,9,1200
21/09/2019,Sha Tin,1,1200
21/09/2019,Sha Tin,2,1000
21/09/2019,Sha Tin,3,1400
21/09/2019,Sha Tin,4,1200
21/09/2019,Sha Tin,5,1400
21/09/2019,Sha Tin,6,1000
21/09/2019,Sha Tin,7,1600
21/09/2019,Sha Tin,8,1600
21/09/2019,Sha Tin,9,1200
21/09/2019,Sha Tin,10,1400
15/09/2019,Sha Tin,1,1800
15/09/2019,Sha Tin,2,1650
15/09/2019,Sha Tin,3,1600
15/09/2019,Sha Tin,4,1400
15/09/2019,Sha Tin,6,1200
15/09/2019,Sha Tin,7,1400
15/09/2019,Sha Tin,8,1650
15/09/2019,Sha Tin,9,1200
15/09/2019,Sha Tin,10,1400
11/09/2019,Happy Valley,1,1650
11/09/2019,Happy Valley,3,1650
11/09/2019,Happy Valley,4,1650
11/09/2019,Happy Valley,5,1000
11/09/2019,Happy Valley,6,1200
11/09/2019,Happy Valley,7,1650
11/09/2019,Happy Valley,8,1200
08/09/2019,Sha Tin,1,1200
08/09/2019,Sha Tin,2,1600
08/09/2019,Sha Tin,3,1400
08/09/2019,Sha Tin,4,1200
08/09/2019,Sha Tin,5,1200
08/09/2019,Sha Tin,6,1400
08/09/2019,Sha Tin,7,1200
08/09/2019,Sha Tin,8,1200
08/09/2019,Sha Tin,9,1200
08/09/2019,Sha Tin,10,1400
01/09/2019,Sha Tin,1,1600
01/09/2019,Sha Tin,2,1200
01/09/2019,Sha Tin,4,1200
01/09/2019,Sha Tin,6,1000
01/09/2019,Sha Tin,7,1200
01/09/2019,Sha Tin,8,1400
01/09/2019,Sha Tin,9,1000
01/09/2019,Sha Tin,10,1400
14/07/2019,Sha Tin,1,1800
14/07/2019,Sha Tin,2,1200
14/07/2019,Sha Tin,4,1200
14/07/2019,Sha Tin,5,1400
14/07/2019,Sha Tin,6,1800
14/07/2019,Sha Tin,7,1200
14/07/2019,Sha Tin,8,1600
14/07/2019,Sha Tin,9,1400
14/07/2019,Sha Tin,10,1600
10/07/2019,Happy Valley,1,1000
10/07/2019,Happy Valley,2,1650
07/07/2019,Sha Tin,1,1200
07/07/2019,Sha Tin,2,1200
07/07/2019,Sha Tin,4,1200
07/07/2019,Sha Tin,5,1200
07/07/2019,Sha Tin,6,1600
03/07/2019,Happy Valley,1,1000
03/07/2019,Happy Valley,2,1200
03/07/2019,Happy Valley,3,1800
03/07/2019,Happy Valley,4,1200
03/07/2019,Happy Valley,5,1650
03/07/2019,Happy Valley,6,1650
03/07/2019,Happy Valley,7,1200
03/07/2019,Happy Valley,8,1650
01/07/2019,Sha Tin,1,1200
01/07/2019,Sha Tin,2,1650
01/07/2019,Sha Tin,3,1000
01/07/2019,Sha Tin,4,1400
01/07/2019,Sha Tin,5,1650
01/07/2019,Sha Tin,6,1650
01/07/2019,Sha Tin,7,1200
01/07/2019,Sha Tin,8,1200
01/07/2019,Sha Tin,9,2000
01/07/2019,Sha Tin,10,1400
26/06/2019,Happy Valley,1,1000
26/06/2019,Happy Valley,2,1650
26/06/2019,Happy Valley,3,1650
26/06/2019,Happy Valley,4,1200
26/06/2019,Happy Valley,5,1200
26/06/2019,Happy Valley,6,1650
26/06/2019,Happy Valley,7,1000
26/06/2019,Happy Valley,8,1650
23/06/2019,Sha Tin,1,1200
23/06/2019,Sha Tin,2,2000
23/06/2019,Sha Tin,3,1400
23/06/2019,Sha Tin,4,1400
23/06/2019,Sha Tin,5,1200
23/06/2019,Sha Tin,6,1400
23/06/2019,Sha Tin,7,1000
23/06/2019,Sha Tin,8,1800
23/06/2019,Sha Tin,9,1600
23/06/2019,Sha Tin,10,1400
16/06/2019,Sha Tin,1,1000
16/06/2019,Sha Tin,2,1600
16/06/2019,Sha Tin,3,1000
16/06/2019,Sha Tin,4,1600
16/06/2019,Sha Tin,5,1200
16/06/2019,Sha Tin,6,1400
16/06/2019,Sha Tin,7,1400
16/06/2019,Sha Tin,8,1200
16/06/2019,Sha Tin,9,1200
16/06/2019,Sha Tin,10,1800
12/06/2019,Sha Tin,2,1650
12/06/2019,Sha Tin,3,1800
12/06/2019,Sha Tin,4,1200
12/06/2019,Sha Tin,5,1200
12/06/2019,Sha Tin,7,1200
12/06/2019,Sha Tin,8,1650
08/06/2019,Sha Tin,1,1200
08/06/2019,Sha Tin,2,1200
08/06/2019,Sha Tin,3,1000
08/06/2019,Sha Tin,4,1400
08/06/2019,Sha Tin,5,1200
08/06/2019,Sha Tin,6,1800
08/06/2019,Sha Tin,7,1400
08/06/2019,Sha Tin,8,1400
08/06/2019,Sha Tin,9,1400
08/06/2019,Sha Tin,10,1200
05/06/2019,Happy Valley,1,2200
05/06/2019,Happy Valley,2,1650
05/06/2019,Happy Valley,3,1000
05/06/2019,Happy Valley,4,1200
05/06/2019,Happy Valley,5,1650
05/06/2019,Happy Valley,6,1650
05/06/2019,Happy Valley,7,1200
05/06/2019,Happy Valley,8,1800
02/06/2019,Sha Tin,1,2000
02/06/2019,Sha Tin,2,1000
02/06/2019,Sha Tin,3,1400
02/06/2019,Sha Tin,4,1200
02/06/2019,Sha Tin,5,1400
02/06/2019,Sha Tin,6,1200
02/06/2019,Sha Tin,7,1400
02/06/2019,Sha Tin,8,1600
02/06/2019,Sha Tin,9,1600
02/06/2019,Sha Tin,10,1400
29/05/2019,Happy Valley,1,1200
29/05/2019,Happy Valley,2,1000
29/05/2019,Happy Valley,3,2200
29/05/2019,Happy Valley,4,1200
29/05/2019,Happy Valley,6,1000
29/05/2019,Happy Valley,7,1650
29/05/2019,Happy Valley,8,1200
26/05/2019,Sha Tin,1,1200
26/05/2019,Sha Tin,2,1200
26/05/2019,Sha Tin,3,1400
26/05/2019,Sha Tin,4,1000
26/05/2019,Sha Tin,5,1400
26/05/2019,Sha Tin,6,1200
26/05/2019,Sha Tin,7,1200
26/05/2019,Sha Tin,8,2400
26/05/2019,Sha Tin,9,1600
22/05/2019,Happy Valley,1,1650
22/05/2019,Happy Valley,2,1200
22/05/2019,Happy Valley,3,1650
22/05/2019,Happy Valley,4,1200
22/05/2019,Happy Valley,5,1650
22/05/2019,Happy Valley,6,1200
22/05/2019,Happy Valley,7,1200
22/05/2019,Happy Valley,8,1200
18/05/2019,Sha Tin,1,1200
18/05/2019,Sha Tin,2,1000
18/05/2019,Sha Tin,3,1200
18/05/2019,Sha Tin,4,1200
18/05/2019,Sha Tin,5,1800
18/05/2019,Sha Tin,6,1400
18/05/2019,Sha Tin,7,1400
18/05/2019,Sha Tin,8,1400
18/05/2019,Sha Tin,9,1600
18/05/2019,Sha Tin,10,1600
15/05/2019,Happy Valley,1,1000
15/05/2019,Happy Valley,2,1200
15/05/2019,Happy Valley,3,1650
15/05/2019,Happy Valley,4,1650
15/05/2019,Happy Valley,5,1000
15/05/2019,Happy Valley,6,1650
15/05/2019,Happy Valley,7,1200
15/05/2019,Happy Valley,8,1800
11/05/2019,Sha Tin,1,1800
11/05/2019,Sha Tin,2,1400
11/05/2019,Sha Tin,3,1400
11/05/2019,Sha Tin,4,1200
11/05/2019,Sha Tin,5,1400
11/05/2019,Sha Tin,6,1200
11/05/2019,Sha Tin,7,1400
11/05/2019,Sha Tin,8,1200
11/05/2019,Sha Tin,9,1000
11/05/2019,Sha Tin,10,1400
08/05/2019,Sha Tin,1,1650
08/05/2019,Sha Tin,2,1200
08/05/2019,Sha Tin,3,1200
08/05/2019,Sha Tin,4,1200
08/05/2019,Sha Tin,5,1800
08/05/2019,Sha Tin,6,1650
08/05/2019,Sha Tin,7,1200
08/05/2019,Sha Tin,8,1650
05/05/2019,Sha Tin,1,1000
05/05/2019,Sha Tin,2,1600
05/05/2019,Sha Tin,3,1200
05/05/2019,Sha Tin,4,1000
05/05/2019,Sha Tin,5,1400
05/05/2019,Sha Tin,6,1400
05/05/2019,Sha Tin,7,2400
05/05/2019,Sha Tin,8,1000
05/05/2019,Sha Tin,9,1600
05/05/2019,Sha Tin,10,2000
01/05/2019,Happy Valley,1,1000
01/05/2019,Happy Valley,2,1200
01/05/2019,Happy Valley,3,1200
01/05/2019,Happy Valley,4,1650
01/05/2019,Happy Valley,5,1200
01/05/2019,Happy Valley,6,1650
01/05/2019,Happy Valley,7,1200
01/05/2019,Happy Valley,8,1650
28/04/2019,Sha Tin,1,1400
28/04/2019,Sha Tin,2,1200
28/04/2019,Sha Tin,3,1200
28/04/2019,Sha Tin,4,1600
28/04/2019,Sha Tin,5,1600
28/04/2019,Sha Tin,6,1200
28/04/2019,Sha Tin,7,1600
28/04/2019,Sha Tin,8,2000
28/04/2019,Sha Tin,9,1400
28/04/2019,Sha Tin,10,1200
24/04/2019,Happy Valley,1,1200
24/04/2019,Happy Valley,2,1650
24/04/2019,Happy Valley,3,1800
24/04/2019,Happy Valley,4,1200
24/04/2019,Happy Valley,5,1200
24/04/2019,Happy Valley,6,1200
24/04/2019,Happy Valley,7,1800
24/04/2019,Happy Valley,8,1000
22/04/2019,Sha Tin,1,1650
22/04/2019,Sha Tin,2,1400
22/04/2019,Sha Tin,3,1400
22/04/2019,Sha Tin,4,1200
22/04/2019,Sha Tin,5,1000
22/04/2019,Sha Tin,6,1800
22/04/2019,Sha Tin,7,1200
22/04/2019,Sha Tin,8,1650
22/04/2019,Sha Tin,9,1200
22/04/2019,Sha Tin,10,1400
17/04/2019,Happy Valley,1,1650
17/04/2019,Happy Valley,2,1000
17/04/2019,Happy Valley,3,1200
17/04/2019,Happy Valley,4,1650
17/04/2019,Happy Valley,5,1200
17/04/2019,Happy Valley,6,1200
17/04/2019,Happy Valley,7,1650
17/04/2019,Happy Valley,8,1650
14/04/2019,Sha Tin,1,1000
14/04/2019,Sha Tin,2,1200
14/04/2019,Sha Tin,3,1000
14/04/2019,Sha Tin,4,1400
14/04/2019,Sha Tin,5,1800
14/04/2019,Sha Tin,6,1200
14/04/2019,Sha Tin,7,1600
14/04/2019,Sha Tin,8,1200
14/04/2019,Sha Tin,9,1200
14/04/2019,Sha Tin,10,1600
10/04/2019,Happy Valley,1,1000
10/04/2019,Happy Valley,2,1200
10/04/2019,Happy Valley,3,1650
10/04/2019,Happy Valley,4,1000
10/04/2019,Happy Valley,5,1200
10/04/2019,Happy Valley,6,1800
10/04/2019,Happy Valley,7,1200
10/04/2019,Happy Valley,8,1650
07/04/2019,Sha Tin,1,1000
07/04/2019,Sha Tin,2,1400
07/04/2019,Sha Tin,3,1200
07/04/2019,Sha Tin,4,1200
07/04/2019,Sha Tin,5,1400
07/04/2019,Sha Tin,6,1200
07/04/2019,Sha Tin,7,1600
07/04/2019,Sha Tin,8,1200
07/04/2019,Sha Tin,9,2000
07/04/2019,Sha Tin,10,1400
03/04/2019,Sha Tin,1,1650
03/04/2019,Sha Tin,2,1200
03/04/2019,Sha Tin,3,1200
03/04/2019,Sha Tin,4,1200
03/04/2019,Sha Tin,5,1650
03/04/2019,Sha Tin,6,1200
03/04/2019,Sha Tin,7,1200
03/04/2019,Sha Tin,8,1800
31/03/2019,Sha Tin,1,1200
31/03/2019,Sha Tin,2,1600
31/03/2019,Sha Tin,3,1200
31/03/2019,Sha Tin,4,1200
31/03/2019,Sha Tin,5,1800
31/03/2019,Sha Tin,6,1400
31/03/2019,Sha Tin,7,1200
31/03/2019,Sha Tin,8,1400
31/03/2019,Sha Tin,9,1400
31/03/2019,Sha Tin,10,1600
27/03/2019,Happy Valley,1,1650
27/03/2019,Happy Valley,2,1650
27/03/2019,Happy Valley,3,1200
27/03/2019,Happy Valley,4,1000
27/03/2019,Happy Valley,5,2200
27/03/2019,Happy Valley,6,1200
27/03/2019,Happy Valley,7,1000
27/03/2019,Happy Valley,8,1650
24/03/2019,Sha Tin,1,1400
24/03/2019,Sha Tin,2,1000
24/03/2019,Sha Tin,3,1200
24/03/2019,Sha Tin,4,1200
24/03/2019,Sha Tin,5,1400
24/03/2019,Sha Tin,6,1000
24/03/2019,Sha Tin,7,1600
24/03/2019,Sha Tin,8,1200
24/03/2019,Sha Tin,9,1650
24/03/2019,Sha Tin,10,1400
20/03/2019,Happy Valley,1,1650
20/03/2019,Happy Valley,2,1200
20/03/2019,Happy Valley,3,1800
20/03/2019,Happy Valley,4,1650
20/03/2019,Happy Valley,7,1200
20/03/2019,Happy Valley,8,1650
17/03/2019,Sha Tin,1,1200
17/03/2019,Sha Tin,2,1200
17/03/2019,Sha Tin,3,1200
17/03/2019,Sha Tin,4,1600
17/03/2019,Sha Tin,5,1400
17/03/2019,Sha Tin,6,2000
17/03/2019,Sha Tin,7,1200
17/03/2019,Sha Tin,8,2000
17/03/2019,Sha Tin,9,1400
17/03/2019,Sha Tin,10,1400
13/03/2019,Happy Valley,1,1200
13/03/2019,Happy Valley,2,1200
13/03/2019,Happy Valley,3,1000
13/03/2019,Happy Valley,4,1650
13/03/2019,Happy Valley,5,1650
13/03/2019,Happy Valley,6,1200
10/03/2019,Sha Tin,1,1200
10/03/2019,Sha Tin,2,1800
10/03/2019,Sha Tin,3,1400
10/03/2019,Sha Tin,4,1400
10/03/2019,Sha Tin,5,1000
10/03/2019,Sha Tin,6,-1
10/03/2019,Sha Tin,7,1200
10/03/2019,Sha Tin,8,1600
10/03/2019,Sha Tin,9,1650
10/03/2019,Sha Tin,10,1200
06/03/2019,Happy Valley,1,1800
06/03/2019,Happy Valley,2,1200
06/03/2019,Happy Valley,4,1650
06/03/2019,Happy Valley,5,1650
06/03/2019,Happy Valley,6,1800
06/03/2019,Happy Valley,7,1200
06/03/2019,Happy Valley,8,1200
02/03/2019,Sha Tin,1,1000
02/03/2019,Sha Tin,2,1200
02/03/2019,Sha Tin,3,1400
02/03/2019,Sha Tin,4,1400
02/03/2019,Sha Tin,5,1200
02/03/2019,Sha Tin,6,1200
02/03/2019,Sha Tin,7,1200
02/03/2019,Sha Tin,8,1400
02/03/2019,Sha Tin,9,1800
02/03/2019,Sha Tin,10,1400
27/02/2019,Happy Valley,1,1650
27/02/2019,Happy Valley,2,1800
27/02/2019,Happy Valley,3,1000
27/02/2019,Happy Valley,4,1200
27/02/2019,Happy Valley,5,1650
27/02/2019,Happy Valley,6,1200
27/02/2019,Happy Valley,7,1650
27/02/2019,Happy Valley,8,1200
24/02/2019,Sha Tin,1,1400
24/02/2019,Sha Tin,2,1600
24/02/2019,Sha Tin,3,1200
24/02/2019,Sha Tin,4,1400
24/02/2019,Sha Tin,5,1650
24/02/2019,Sha Tin,6,1600
24/02/2019,Sha Tin,7,1000
24/02/2019,Sha Tin,8,2000
24/02/2019,Sha Tin,10,1650
20/02/2019,Happy Valley,4,1200
20/02/2019,Happy Valley,8,1650
17/02/2019,Sha Tin,4,1200
17/02/2019,Sha Tin,5,1400
17/02/2019,Sha Tin,6,1400
17/02/2019,Sha Tin,8,1400
17/02/2019,Sha Tin,9,1800
17/02/2019,Sha Tin,10,1400
13/02/2019,Happy Valley,1,1000
13/02/2019,Happy Valley,2,1650
13/02/2019,Happy Valley,3,1200
13/02/2019,Happy Valley,4,1650
13/02/2019,Happy Valley,5,1800
13/02/2019,Happy Valley,6,1200
13/02/2019,Happy Valley,7,1650
13/02/2019,Happy Valley,8,1650
13/02/2019,Happy Valley,9,1200
10/02/2019,Sha Tin,1,1200
10/02/2019,Sha Tin,2,1200
10/02/2019,Sha Tin,3,2000
10/02/2019,Sha Tin,4,1200
10/02/2019,Sha Tin,5,1600
10/02/2019,Sha Tin,6,1400
10/02/2019,Sha Tin,7,1200
10/02/2019,Sha Tin,8,1000
10/02/2019,Sha Tin,9,1200
10/02/2019,Sha Tin,10,1400
07/02/2019,Sha Tin,1,1800
07/02/2019,Sha Tin,2,1600
07/02/2019,Sha Tin,3,1400
07/02/2019,Sha Tin,4,1200
07/02/2019,Sha Tin,5,1200
07/02/2019,Sha Tin,6,1400
07/02/2019,Sha Tin,7,1200
07/02/2019,Sha Tin,8,1400
07/02/2019,Sha Tin,9,1200
07/02/2019,Sha Tin,10,1400
02/02/2019,Sha Tin,1,1000
02/02/2019,Sha Tin,2,1800
02/02/2019,Sha Tin,3,1000
02/02/2019,Sha Tin,4,1200
02/02/2019,Sha Tin,5,1400
02/02/2019,Sha Tin,6,1650
02/02/2019,Sha Tin,7,1200
02/02/2019,Sha Tin,8,1650
02/02/2019,Sha Tin,9,1800
02/02/2019,Sha Tin,10,1600
30/01/2019,Happy Valley,1,1200
30/01/2019,Happy Valley,2,1200
30/01/2019,Happy Valley,3,1650
30/01/2019,Happy Valley,4,1200
30/01/2019,Happy Valley,5,1650
30/01/2019,Happy Valley,6,1800
30/01/2019,Happy Valley,7,1000
30/01/2019,Happy Valley,8,1200
27/01/2019,Sha Tin,1,2000
27/01/2019,Sha Tin,2,1000
27/01/2019,Sha Tin,3,1200
27/01/2019,Sha Tin,4,1400
27/01/2019,Sha Tin,5,1200
27/01/2019,Sha Tin,6,1200
27/01/2019,Sha Tin,7,1800
27/01/2019,Sha Tin,8,1600
27/01/2019,Sha Tin,9,1200
27/01/2019,Sha Tin,10,1400
23/01/2019,Happy Valley,1,2200
23/01/2019,Happy Valley,2,1000
23/01/2019,Happy Valley,3,1650
23/01/2019,Happy Valley,4,1200
23/01/2019,Happy Valley,5,1650
23/01/2019,Happy Valley,6,1200
23/01/2019,Happy Valley,7,1800
23/01/2019,Happy Valley,8,1650
20/01/2019,Sha Tin,1,1400
20/01/2019,Sha Tin,2,1600
20/01/2019,Sha Tin,4,1200
20/01/2019,Sha Tin,5,1200
20/01/2019,Sha Tin,6,1600
20/01/2019,Sha Tin,7,1600
20/01/2019,Sha Tin,8,1000
20/01/2019,Sha Tin,9,1400
20/01/2019,Sha Tin,10,1400
16/01/2019,Happy Valley,1,2200
16/01/2019,Happy Valley,2,1000
16/01/2019,Happy Valley,3,1650
16/01/2019,Happy Valley,4,1650
16/01/2019,Happy Valley,5,1200
16/01/2019,Happy Valley,6,1200
16/01/2019,Happy Valley,7,1200
16/01/2019,Happy Valley,8,1650
12/01/2019,Sha Tin,1,1200
12/01/2019,Sha Tin,2,1800
12/01/2019,Sha Tin,3,1200
12/01/2019,Sha Tin,5,1400
12/01/2019,Sha Tin,6,1650
12/01/2019,Sha Tin,7,1800
12/01/2019,Sha Tin,8,1400
12/01/2019,Sha Tin,9,1650
12/01/2019,Sha Tin,10,1200
09/01/2019,Happy Valley,1,1650
09/01/2019,Happy Valley,2,1000
09/01/2019,Happy Valley,3,1200
09/01/2019,Happy Valley,4,1000
09/01/2019,Happy Valley,5,1650
09/01/2019,Happy Valley,6,1800
09/01/2019,Happy Valley,7,1650
09/01/2019,Happy Valley,8,1200
06/01/2019,Sha Tin,1,1200
06/01/2019,Sha Tin,2,1400
06/01/2019,Sha Tin,3,1000
06/01/2019,Sha Tin,4,1200
06/01/2019,Sha Tin,5,1650
06/01/2019,Sha Tin,6,1400
06/01/2019,Sha Tin,7,1200
06/01/2019,Sha Tin,8,1800
06/01/2019,Sha Tin,9,1400
06/01/2019,Sha Tin,10,1600
01/01/2019,Sha Tin,1,1600
01/01/2019,Sha Tin,2,1600
01/01/2019,Sha Tin,3,1200
01/01/2019,Sha Tin,4,1200
01/01/2019,Sha Tin,5,1400
01/01/2019,Sha Tin,6,1200
01/01/2019,Sha Tin,7,1200
01/01/2019,Sha Tin,8,1200
01/01/2019,Sha Tin,9,1400
01/01/2019,Sha Tin,10,1600
29/12/2018,Sha Tin,1,1650
29/12/2018,Sha Tin,2,1200
29/12/2018,Sha Tin,3,1200
29/12/2018,Sha Tin,4,1400
29/12/2018,Sha Tin,5,1000
29/12/2018,Sha Tin,6,1400
29/12/2018,Sha Tin,7,1000
29/12/2018,Sha Tin,8,2000
29/12/2018,Sha Tin,9,1200
29/12/2018,Sha Tin,10,1400
26/12/2018,Happy Valley,1,1650
26/12/2018,Happy Valley,2,1650
26/12/2018,Happy Valley,5,1200
26/12/2018,Happy Valley,6,1200
26/12/2018,Happy Valley,7,1650
26/12/2018,Happy Valley,8,1650
23/12/2018,Sha Tin,1,1000
23/12/2018,Sha Tin,2,2000
23/12/2018,Sha Tin,3,1400
23/12/2018,Sha Tin,4,1400
23/12/2018,Sha Tin,5,1400
23/12/2018,Sha Tin,6,1200
23/12/2018,Sha Tin,7,2000
23/12/2018,Sha Tin,8,1200
23/12/2018,Sha Tin,9,1000
19/12/2018,Sha Tin,1,1650
19/12/2018,Sha Tin,2,1200
19/12/2018,Sha Tin,3,1650
19/12/2018,Sha Tin,4,1200
19/12/2018,Sha Tin,5,1200
19/12/2018,Sha Tin,7,1200
16/12/2018,Sha Tin,1,2200
16/12/2018,Sha Tin,2,1200
16/12/2018,Sha Tin,3,1000
16/12/2018,Sha Tin,4,1600
16/12/2018,Sha Tin,5,1400
16/12/2018,Sha Tin,6,1600
16/12/2018,Sha Tin,7,1400
16/12/2018,Sha Tin,8,1200
16/12/2018,Sha Tin,9,1400
16/12/2018,Sha Tin,10,1600
12/12/2018,Happy Valley,1,1650
12/12/2018,Happy Valley,2,1200
12/12/2018,Happy Valley,3,1650
12/12/2018,Happy Valley,4,1200
12/12/2018,Happy Valley,5,1800
12/12/2018,Happy Valley,6,1200
12/12/2018,Happy Valley,7,1000
12/12/2018,Happy Valley,8,1650
09/12/2018,Sha Tin,1,1400
09/12/2018,Sha Tin,2,1200
09/12/2018,Sha Tin,3,1800
09/12/2018,Sha Tin,4,2400
09/12/2018,Sha Tin,5,1200
09/12/2018,Sha Tin,6,1600
09/12/2018,Sha Tin,7,1600
09/12/2018,Sha Tin,8,2000
09/12/2018,Sha Tin,9,1200
09/12/2018,Sha Tin,10,1400
05/12/2018,Happy Valley,1,1650
05/12/2018,Happy Valley,2,1200
05/12/2018,Happy Valley,3,1200
05/12/2018,Happy Valley,4,1000
05/12/2018,Happy Valley,5,1650
05/12/2018,Happy Valley,6,1200
05/12/2018,Happy Valley,7,1650
05/12/2018,Happy Valley,8,1650
05/12/2018,Happy Valley,9,1800
02/12/2018,Sha Tin,1,1800
02/12/2018,Sha Tin,2,1400
02/12/2018,Sha Tin,3,1800
02/12/2018,Sha Tin,4,1200
02/12/2018,Sha Tin,5,1200
02/12/2018,Sha Tin,6,1000
02/12/2018,Sha Tin,7,1200
02/12/2018,Sha Tin,8,1650
02/12/2018,Sha Tin,9,1200
02/12/2018,Sha Tin,10,1400
28/11/2018,Happy Valley,1,1200
28/11/2018,Happy Valley,2,1650
28/11/2018,Happy Valley,3,1800
28/11/2018,Happy Valley,4,1200
28/11/2018,Happy Valley,5,2200
28/11/2018,Happy Valley,6,1200
28/11/2018,Happy Valley,7,1000
28/11/2018,Happy Valley,8,1200
25/11/2018,Sha Tin,1,1000
25/11/2018,Sha Tin,2,1400
25/11/2018,Sha Tin,3,1000
25/11/2018,Sha Tin,4,1600
25/11/2018,Sha Tin,5,1400
25/11/2018,Sha Tin,6,1400
25/11/2018,Sha Tin,7,1600
25/11/2018,Sha Tin,8,1200
25/11/2018,Sha Tin,9,1600
25/11/2018,Sha Tin,10,1400
21/11/2018,Happy Valley,1,1800
21/11/2018,Happy Valley,2,1000
21/11/2018,Happy Valley,3,1200
21/11/2018,Happy Valley,4,1200
21/11/2018,Happy Valley,5,1650
21/11/2018,Happy Valley,6,1650
21/11/2018,Happy Valley,7,1650
21/11/2018,Happy Valley,8,1200
18/11/2018,Sha Tin,1,1200
18/11/2018,Sha Tin,2,1650
18/11/2018,Sha Tin,3,1650
18/11/2018,Sha Tin,4,1000
18/11/2018,Sha Tin,5,1800
18/11/2018,Sha Tin,6,1600
14/11/2018,Happy Valley,1,1650
14/11/2018,Happy Valley,2,1200
14/11/2018,Happy Valley,3,1000
14/11/2018,Happy Valley,4,1200
14/11/2018,Happy Valley,5,1650
14/11/2018,Happy Valley,6,1200
14/11/2018,Happy Valley,7,1800
14/11/2018,Happy Valley,8,1650
10/11/2018,Sha Tin,1,2000
10/11/2018,Sha Tin,2,1200
10/11/2018,Sha Tin,3,1200
10/11/2018,Sha Tin,4,1200
10/11/2018,Sha Tin,5,1400
10/11/2018,Sha Tin,6,1800
10/11/2018,Sha Tin,7,1400
10/11/2018,Sha Tin,8,1400
10/11/2018,Sha Tin,9,1200
10/11/2018,Sha Tin,10,1600
07/11/2018,Happy Valley,1,1000
07/11/2018,Happy Valley,2,1200
07/11/2018,Happy Valley,3,1650
07/11/2018,Happy Valley,4,1200
07/11/2018,Happy Valley,5,1200
07/11/2018,Happy Valley,6,1650
07/11/2018,Happy Valley,7,1200
07/11/2018,Happy Valley,8,1200
04/11/2018,Sha Tin,1,1200
04/11/2018,Sha Tin,2,1000
04/11/2018,Sha Tin,3,1600
04/11/2018,Sha Tin,4,1600
04/11/2018,Sha Tin,5,1400
04/11/2018,Sha Tin,6,1000
04/11/2018,Sha Tin,7,1800
04/11/2018,Sha Tin,8,1800
04/11/2018,Sha Tin,9,1400
04/11/2018,Sha Tin,10,1400
31/10/2018,Sha Tin,1,1650
31/10/2018,Sha Tin,2,1200
31/10/2018,Sha Tin,3,1650
31/10/2018,Sha Tin,4,1200
31/10/2018,Sha Tin,5,1200
31/10/2018,Sha Tin,6,1800
31/10/2018,Sha Tin,7,1650
31/10/2018,Sha Tin,8,1200
28/10/2018,Happy Valley,1,2200
28/10/2018,Happy Valley,2,1650
28/10/2018,Happy Valley,3,1200
28/10/2018,Happy Valley,4,1650
28/10/2018,Happy Valley,5,1200
28/10/2018,Happy Valley,6,1200
28/10/2018,Happy Valley,7,1650
28/10/2018,Happy Valley,8,1000
28/10/2018,Happy Valley,9,1650
28/10/2018,Happy Valley,10,1200
24/10/2018,Happy Valley,1,1650
24/10/2018,Happy Valley,2,2200
24/10/2018,Happy Valley,3,1650
24/10/2018,Happy Valley,4,1200
24/10/2018,Happy Valley,5,1000
24/10/2018,Happy Valley,6,1200
24/10/2018,Happy Valley,7,1200
24/10/2018,Happy Valley,8,1200
21/10/2018,Sha Tin,1,2000
21/10/2018,Sha Tin,2,1600
21/10/2018,Sha Tin,3,1200
21/10/2018,Sha Tin,4,1800
21/10/2018,Sha Tin,5,1400
21/10/2018,Sha Tin,6,1600
21/10/2018,Sha Tin,7,1200
21/10/2018,Sha Tin,8,1600
21/10/2018,Sha Tin,9,1200
21/10/2018,Sha Tin,10,1400
18/10/2018,Happy Valley,1,1200
18/10/2018,Happy Valley,2,1200
18/10/2018,Happy Valley,3,1650
18/10/2018,Happy Valley,4,1800
18/10/2018,Happy Valley,5,1650
18/10/2018,Happy Valley,6,1000
18/10/2018,Happy Valley,7,1650
18/10/2018,Happy Valley,8,1200
13/10/2018,Sha Tin,1,1000
13/10/2018,Sha Tin,2,1800
13/10/2018,Sha Tin,3,1200
13/10/2018,Sha Tin,4,1200
13/10/2018,Sha Tin,5,1400
13/10/2018,Sha Tin,6,1200
13/10/2018,Sha Tin,7,1200
13/10/2018,Sha Tin,8,1600
13/10/2018,Sha Tin,9,1200
13/10/2018,Sha Tin,10,1400
10/10/2018,Happy Valley,1,1800
10/10/2018,Happy Valley,2,1200
10/10/2018,Happy Valley,3,1650
10/10/2018,Happy Valley,4,1000
10/10/2018,Happy Valley,5,1200
10/10/2018,Happy Valley,6,1200
10/10/2018,Happy Valley,7,1000
10/10/2018,Happy Valley,8,1650
07/10/2018,Sha Tin,1,1800
07/10/2018,Sha Tin,2,1650
07/10/2018,Sha Tin,3,1000
07/10/2018,Sha Tin,4,1400
07/10/2018,Sha Tin,5,1400
07/10/2018,Sha Tin,6,1600
07/10/2018,Sha Tin,7,1200
07/10/2018,Sha Tin,8,1200
07/10/2018,Sha Tin,9,1650
07/10/2018,Sha Tin,10,1400
03/10/2018,Happy Valley,1,1650
03/10/2018,Happy Valley,2,1800
03/10/2018,Happy Valley,3,1650
03/10/2018,Happy Valley,4,1200
03/10/2018,Happy Valley,5,1200
03/10/2018,Happy Valley,6,1200
03/10/2018,Happy Valley,7,1800
03/10/2018,Happy Valley,8,1200
01/10/2018,Sha Tin,1,1000
01/10/2018,Sha Tin,2,1800
01/10/2018,Sha Tin,3,1200
01/10/2018,Sha Tin,4,1400
01/10/2018,Sha Tin,5,1400
01/10/2018,Sha Tin,6,1600
01/10/2018,Sha Tin,7,1000
01/10/2018,Sha Tin,8,1400
01/10/2018,Sha Tin,9,1200
01/10/2018,Sha Tin,10,1200
26/09/2018,Happy Valley,1,1000
26/09/2018,Happy Valley,2,1800
26/09/2018,Happy Valley,3,1200
26/09/2018,Happy Valley,4,1200
26/09/2018,Happy Valley,5,1650
26/09/2018,Happy Valley,6,1650
26/09/2018,Happy Valley,7,1200
26/09/2018,Happy Valley,8,1200
22/09/2018,Sha Tin,1,1200
22/09/2018,Sha Tin,2,1200
22/09/2018,Sha Tin,3,1200
22/09/2018,Sha Tin,4,1600
22/09/2018,Sha Tin,5,1400
22/09/2018,Sha Tin,6,1200
22/09/2018,Sha Tin,7,1800
22/09/2018,Sha Tin,8,1000
22/09/2018,Sha Tin,9,1400
22/09/2018,Sha Tin,10,1400
12/09/2018,Happy Valley,1,1800
12/09/2018,Happy Valley,2,1200
12/09/2018,Happy Valley,3,1650
12/09/2018,Happy Valley,4,1200
12/09/2018,Happy Valley,5,1650
12/09/2018,Happy Valley,6,1000
12/09/2018,Happy Valley,7,1200
12/09/2018,Happy Valley,8,1650
09/09/2018,Sha Tin,1,1000
09/09/2018,Sha Tin,2,1400
09/09/2018,Sha Tin,3,1600
09/09/2018,Sha Tin,4,1400
09/09/2018,Sha Tin,5,1200
09/09/2018,Sha Tin,6,1200
09/09/2018,Sha Tin,7,1600
09/09/2018,Sha Tin,8,1400
09/09/2018,Sha Tin,9,1200
09/09/2018,Sha Tin,10,1200
05/09/2018,Happy Valley,1,1650
05/09/2018,Happy Valley,2,1200
05/09/2018,Happy Valley,3,1000
05/09/2018,Happy Valley,4,1200
05/09/2018,Happy Valley,5,1650
05/09/2018,Happy Valley,6,1200
05/09/2018,Happy Valley,7,1650
05/09/2018,Happy Valley,8,1200
02/09/2018,Sha Tin,1,1000
02/09/2018,Sha Tin,2,1600
02/09/2018,Sha Tin,3,1200
02/09/2018,Sha Tin,4,1200
02/09/2018,Sha Tin,5,1200
02/09/2018,Sha Tin,6,1400
02/09/2018,Sha Tin,7,1000
02/09/2018,Sha Tin,8,1400
02/09/2018,Sha Tin,9,1200
02/09/2018,Sha Tin,10,1400
15/07/2018,Sha Tin,1,1800
15/07/2018,Sha Tin,2,1200
15/07/2018,Sha Tin,3,1800
15/07/2018,Sha Tin,4,1200
15/07/2018,Sha Tin,5,1400
15/07/2018,Sha Tin,6,1400
15/07/2018,Sha Tin,7,1600
15/07/2018,Sha Tin,8,1600
15/07/2018,Sha Tin,9,1400
15/07/2018,Sha Tin,10,1200
11/07/2018,Happy Valley,1,1650
11/07/2018,Happy Valley,2,1200
11/07/2018,Happy Valley,3,1000
11/07/2018,Happy Valley,4,1650
11/07/2018,Happy Valley,5,1800
11/07/2018,Happy Valley,6,1000
11/07/2018,Happy Valley,7,1200
11/07/2018,Happy Valley,8,1200
08/07/2018,Sha Tin,1,1200
08/07/2018,Sha Tin,2,1200
08/07/2018,Sha Tin,3,1400
08/07/2018,Sha Tin,4,2000
08/07/2018,Sha Tin,5,1200
08/07/2018,Sha Tin,6,1200
08/07/2018,Sha Tin,7,1600
08/07/2018,Sha Tin,8,1200
08/07/2018,Sha Tin,9,1400
08/07/2018,Sha Tin,10,1200
04/07/2018,Happy Valley,1,1000
04/07/2018,Happy Valley,2,1650
04/07/2018,Happy Valley,3,1200
04/07/2018,Happy Valley,4,1200
04/07/2018,Happy Valley,5,1800
04/07/2018,Happy Valley,6,1200
04/07/2018,Happy Valley,7,1650
04/07/2018,Happy Valley,8,1650
01/07/2018,Sha Tin,1,1650
01/07/2018,Sha Tin,2,1000
01/07/2018,Sha Tin,3,2000
01/07/2018,Sha Tin,4,1200
01/07/2018,Sha Tin,5,1650
01/07/2018,Sha Tin,6,1400
01/07/2018,Sha Tin,7,1200
01/07/2018,Sha Tin,8,1200
01/07/2018,Sha Tin,9,1650
01/07/2018,Sha Tin,10,1400
27/06/2018,Happy Valley,1,2200
27/06/2018,Happy Valley,2,1200
27/06/2018,Happy Valley,3,1000
27/06/2018,Happy Valley,4,1650
27/06/2018,Happy Valley,5,1800
27/06/2018,Happy Valley,6,1000
27/06/2018,Happy Valley,7,1200
27/06/2018,Happy Valley,8,1650
24/06/2018,Sha Tin,1,2000
24/06/2018,Sha Tin,2,1400
24/06/2018,Sha Tin,3,1800
24/06/2018,Sha Tin,4,1200
24/06/2018,Sha Tin,5,1400
24/06/2018,Sha Tin,6,1600
24/06/2018,Sha Tin,7,1400
24/06/2018,Sha Tin,8,1200
24/06/2018,Sha Tin,9,1200
24/06/2018,Sha Tin,10,1400
16/06/2018,Sha Tin,1,1000
16/06/2018,Sha Tin,2,1200
16/06/2018,Sha Tin,3,1200
16/06/2018,Sha Tin,4,1400
16/06/2018,Sha Tin,5,1600
16/06/2018,Sha Tin,6,1200
16/06/2018,Sha Tin,7,1000
16/06/2018,Sha Tin,8,1600
16/06/2018,Sha Tin,9,1800
16/06/2018,Sha Tin,10,1400
13/06/2018,Happy Valley,1,1800
13/06/2018,Happy Valley,2,1650
13/06/2018,Happy Valley,3,1200
13/06/2018,Happy Valley,4,1200
13/06/2018,Happy Valley,5,1200
13/06/2018,Happy Valley,6,1650
13/06/2018,Happy Valley,7,1200
13/06/2018,Happy Valley,8,1200
10/06/2018,Sha Tin,1,1000
10/06/2018,Sha Tin,2,1650
10/06/2018,Sha Tin,3,1400
10/06/2018,Sha Tin,4,1800
10/06/2018,Sha Tin,5,1200
10/06/2018,Sha Tin,6,1800
10/06/2018,Sha Tin,7,1650
10/06/2018,Sha Tin,8,1200
10/06/2018,Sha Tin,9,1200
10/06/2018,Sha Tin,10,1400
06/06/2018,Happy Valley,1,1650
06/06/2018,Happy Valley,2,2200
06/06/2018,Happy Valley,3,1200
06/06/2018,Happy Valley,4,1000
06/06/2018,Happy Valley,5,1650
06/06/2018,Happy Valley,6,1200
06/06/2018,Happy Valley,7,1000
06/06/2018,Happy Valley,8,1650
03/06/2018,Sha Tin,1,1400
03/06/2018,Sha Tin,2,2000
03/06/2018,Sha Tin,3,1200
03/06/2018,Sha Tin,4,1200
03/06/2018,Sha Tin,5,1600
03/06/2018,Sha Tin,6,1600
03/06/2018,Sha Tin,7,1600
03/06/2018,Sha Tin,8,1000
03/06/2018,Sha Tin,9,1400
03/06/2018,Sha Tin,10,1200
30/05/2018,Sha Tin,1,1200
30/05/2018,Sha Tin,2,1800
30/05/2018,Sha Tin,3,1200
30/05/2018,Sha Tin,4,1200
30/05/2018,Sha Tin,5,1650
30/05/2018,Sha Tin,6,1200
30/05/2018,Sha Tin,7,1200
30/05/2018,Sha Tin,8,1650
27/05/2018,Sha Tin,1,1200
27/05/2018,Sha Tin,2,1000
27/05/2018,Sha Tin,3,1600
27/05/2018,Sha Tin,4,1200
27/05/2018,Sha Tin,5,1200
27/05/2018,Sha Tin,6,1400
27/05/2018,Sha Tin,7,1800
27/05/2018,Sha Tin,8,2400
27/05/2018,Sha Tin,9,1200
27/05/2018,Sha Tin,10,1400
23/05/2018,Happy Valley,1,1800
23/05/2018,Happy Valley,2,1200
23/05/2018,Happy Valley,4,1650
23/05/2018,Happy Valley,5,1800
23/05/2018,Happy Valley,6,1650
23/05/2018,Happy Valley,7,1200
20/05/2018,Sha Tin,1,2200
20/05/2018,Sha Tin,2,1400
20/05/2018,Sha Tin,3,1400
20/05/2018,Sha Tin,5,1000
20/05/2018,Sha Tin,6,1400
20/05/2018,Sha Tin,7,1200
20/05/2018,Sha Tin,8,1400
20/05/2018,Sha Tin,9,1200
20/05/2018,Sha Tin,10,1600
16/05/2018,Happy Valley,1,1650
16/05/2018,Happy Valley,2,1200
16/05/2018,Happy Valley,3,1000
16/05/2018,Happy Valley,4,1650
16/05/2018,Happy Valley,5,1200
16/05/2018,Happy Valley,6,1200
16/05/2018,Happy Valley,7,1800
16/05/2018,Happy Valley,8,1650
12/05/2018,Sha Tin,1,1000
12/05/2018,Sha Tin,2,2200
12/05/2018,Sha Tin,3,1200
12/05/2018,Sha Tin,5,1600
12/05/2018,Sha Tin,6,1200
12/05/2018,Sha Tin,7,1600
12/05/2018,Sha Tin,8,1400
12/05/2018,Sha Tin,9,1000
12/05/2018,Sha Tin,10,1400
09/05/2018,Happy Valley,1,1200
09/05/2018,Happy Valley,2,1200
09/05/2018,Happy Valley,3,1800
09/05/2018,Happy Valley,4,1650
09/05/2018,Happy Valley,5,1200
09/05/2018,Happy Valley,6,1650
09/05/2018,Happy Valley,7,1650
09/05/2018,Happy Valley,8,1200
06/05/2018,Sha Tin,1,1000
06/05/2018,Sha Tin,2,1600
06/05/2018,Sha Tin,3,1400
06/05/2018,Sha Tin,4,2400
06/05/2018,Sha Tin,5,1200
06/05/2018,Sha Tin,6,1200
06/05/2018,Sha Tin,7,1400
06/05/2018,Sha Tin,8,1000
06/05/2018,Sha Tin,9,2000
06/05/2018,Sha Tin,10,1200
02/05/2018,Sha Tin,1,1200
02/05/2018,Sha Tin,2,1800
02/05/2018,Sha Tin,3,1200
02/05/2018,Sha Tin,4,1650
02/05/2018,Sha Tin,5,1200
02/05/2018,Sha Tin,6,1650
02/05/2018,Sha Tin,7,1650
02/05/2018,Sha Tin,8,1200
29/04/2018,Sha Tin,2,1400
29/04/2018,Sha Tin,3,1600
29/04/2018,Sha Tin,4,1400
29/04/2018,Sha Tin,6,1600
29/04/2018,Sha Tin,7,1200
29/04/2018,Sha Tin,8,2000
29/04/2018,Sha Tin,9,1200
29/04/2018,Sha Tin,10,1600
25/04/2018,Happy Valley,1,1650
25/04/2018,Happy Valley,2,1200
25/04/2018,Happy Valley,3,2200
25/04/2018,Happy Valley,4,1650
25/04/2018,Happy Valley,5,1200
25/04/2018,Happy Valley,6,1000
25/04/2018,Happy Valley,7,1650
25/04/2018,Happy Valley,8,1200
21/04/2018,Sha Tin,1,1000
21/04/2018,Sha Tin,2,1650
21/04/2018,Sha Tin,3,1400
21/04/2018,Sha Tin,4,1200
21/04/2018,Sha Tin,5,1800
21/04/2018,Sha Tin,6,1400
21/04/2018,Sha Tin,7,1200
21/04/2018,Sha Tin,8,1400
21/04/2018,Sha Tin,9,1200
21/04/2018,Sha Tin,10,1400
18/04/2018,Happy Valley,2,1800
18/04/2018,Happy Valley,3,2200
18/04/2018,Happy Valley,4,1200
18/04/2018,Happy Valley,5,1000
18/04/2018,Happy Valley,6,1200
18/04/2018,Happy Valley,7,1200
18/04/2018,Happy Valley,8,1650
15/04/2018,Sha Tin,1,1000
15/04/2018,Sha Tin,2,1200
15/04/2018,Sha Tin,3,1600
15/04/2018,Sha Tin,4,1200
15/04/2018,Sha Tin,5,1400
15/04/2018,Sha Tin,6,1600
15/04/2018,Sha Tin,7,1000
15/04/2018,Sha Tin,8,2200
15/04/2018,Sha Tin,9,1400
15/04/2018,Sha Tin,10,1200
11/04/2018,Happy Valley,1,1200
11/04/2018,Happy Valley,2,1650
11/04/2018,Happy Valley,3,1200
11/04/2018,Happy Valley,4,1650
11/04/2018,Happy Valley,5,1000
11/04/2018,Happy Valley,6,1650
11/04/2018,Happy Valley,7,1650
11/04/2018,Happy Valley,8,1200
08/04/2018,Sha Tin,1,1000
08/04/2018,Sha Tin,2,1800
08/04/2018,Sha Tin,3,1800
08/04/2018,Sha Tin,4,1200
08/04/2018,Sha Tin,5,1650
08/04/2018,Sha Tin,6,1800
08/04/2018,Sha Tin,7,1200
08/04/2018,Sha Tin,8,1600
08/04/2018,Sha Tin,9,1000
08/04/2018,Sha Tin,10,1400
02/04/2018,Sha Tin,1,1200
02/04/2018,Sha Tin,2,1200
02/04/2018,Sha Tin,3,1200
02/04/2018,Sha Tin,4,1200
02/04/2018,Sha Tin,5,1200
02/04/2018,Sha Tin,6,1600
02/04/2018,Sha Tin,7,1400
02/04/2018,Sha Tin,8,1400
02/04/2018,Sha Tin,9,1600
02/04/2018,Sha Tin,10,1400
28/03/2018,Happy Valley,1,1650
28/03/2018,Happy Valley,2,1650
28/03/2018,Happy Valley,3,1200
28/03/2018,Happy Valley,4,1200
28/03/2018,Happy Valley,5,1200
28/03/2018,Happy Valley,6,1800
28/03/2018,Happy Valley,7,1200
28/03/2018,Happy Valley,8,1800
25/03/2018,Sha Tin,1,1200
25/03/2018,Sha Tin,2,1000
25/03/2018,Sha Tin,3,1400
25/03/2018,Sha Tin,4,2000
25/03/2018,Sha Tin,5,1600
25/03/2018,Sha Tin,6,1200
25/03/2018,Sha Tin,7,1200
25/03/2018,Sha Tin,8,1000
25/03/2018,Sha Tin,9,1600
25/03/2018,Sha Tin,10,1400
21/03/2018,Happy Valley,1,2200
21/03/2018,Happy Valley,2,1200
21/03/2018,Happy Valley,3,1650
21/03/2018,Happy Valley,4,1200
21/03/2018,Happy Valley,5,1200
21/03/2018,Happy Valley,6,1650
21/03/2018,Happy Valley,7,1650
21/03/2018,Happy Valley,8,1200
18/03/2018,Sha Tin,1,1600
18/03/2018,Sha Tin,2,1400
18/03/2018,Sha Tin,3,1600
18/03/2018,Sha Tin,4,2000
18/03/2018,Sha Tin,5,1200
18/03/2018,Sha Tin,6,1400
18/03/2018,Sha Tin,7,1200
18/03/2018,Sha Tin,8,2000
18/03/2018,Sha Tin,9,1200
18/03/2018,Sha Tin,10,1400
14/03/2018,Happy Valley,1,1200
14/03/2018,Happy Valley,2,1650
14/03/2018,Happy Valley,3,1000
14/03/2018,Happy Valley,4,1800
14/03/2018,Happy Valley,5,1200
14/03/2018,Happy Valley,6,1200
14/03/2018,Happy Valley,7,1000
14/03/2018,Happy Valley,8,1650
11/03/2018,Sha Tin,1,1400
11/03/2018,Sha Tin,2,1200
11/03/2018,Sha Tin,3,1650
11/03/2018,Sha Tin,4,1400
11/03/2018,Sha Tin,5,1650
11/03/2018,Sha Tin,6,1650
11/03/2018,Sha Tin,7,1200
11/03/2018,Sha Tin,8,1200
11/03/2018,Sha Tin,9,1400
11/03/2018,Sha Tin,10,1600
07/03/2018,Happy Valley,1,1800
07/03/2018,Happy Valley,2,1200
07/03/2018,Happy Valley,3,2200
07/03/2018,Happy Valley,4,1200
07/03/2018,Happy Valley,5,1650
07/03/2018,Happy Valley,6,1200
07/03/2018,Happy Valley,7,1200
07/03/2018,Happy Valley,8,1650
03/03/2018,Sha Tin,1,1000
03/03/2018,Sha Tin,2,1600
03/03/2018,Sha Tin,3,1400
03/03/2018,Sha Tin,4,1200
03/03/2018,Sha Tin,5,1600
03/03/2018,Sha Tin,6,1400
03/03/2018,Sha Tin,7,1800
03/03/2018,Sha Tin,8,1800
03/03/2018,Sha Tin,9,1000
03/03/2018,Sha Tin,10,1400
28/02/2018,Sha Tin,1,1200
28/02/2018,Sha Tin,2,1200
28/02/2018,Sha Tin,3,1200
28/02/2018,Sha Tin,4,1800
28/02/2018,Sha Tin,5,1650
28/02/2018,Sha Tin,6,1650
28/02/2018,Sha Tin,7,1200
28/02/2018,Sha Tin,8,1200
25/02/2018,Sha Tin,1,1200
25/02/2018,Sha Tin,2,1600
25/02/2018,Sha Tin,3,2000
25/02/2018,Sha Tin,4,1200
25/02/2018,Sha Tin,5,1200
25/02/2018,Sha Tin,6,1400
25/02/2018,Sha Tin,7,1600
25/02/2018,Sha Tin,8,2000
25/02/2018,Sha Tin,9,1400
25/02/2018,Sha Tin,10,1400
21/02/2018,Happy Valley,1,1000
21/02/2018,Happy Valley,2,1650
21/02/2018,Happy Valley,3,1200
21/02/2018,Happy Valley,4,1000
21/02/2018,Happy Valley,5,1650
21/02/2018,Happy Valley,6,1200
21/02/2018,Happy Valley,7,1800
21/02/2018,Happy Valley,8,1200
21/02/2018,Happy Valley,9,1650
18/02/2018,Sha Tin,1,1400
18/02/2018,Sha Tin,2,1400
18/02/2018,Sha Tin,3,1800
18/02/2018,Sha Tin,4,1200
18/02/2018,Sha Tin,5,1200
18/02/2018,Sha Tin,6,1000
18/02/2018,Sha Tin,7,2000
18/02/2018,Sha Tin,8,1400
18/02/2018,Sha Tin,9,1800
18/02/2018,Sha Tin,10,1200
14/02/2018,Happy Valley,1,1800
14/02/2018,Happy Valley,2,1200
14/02/2018,Happy Valley,3,1650
14/02/2018,Happy Valley,4,1200
14/02/2018,Happy Valley,5,1650
14/02/2018,Happy Valley,6,1000
14/02/2018,Happy Valley,7,1200
14/02/2018,Happy Valley,8,1650
10/02/2018,Sha Tin,1,1000
10/02/2018,Sha Tin,2,1650
10/02/2018,Sha Tin,3,1600
10/02/2018,Sha Tin,4,1200
10/02/2018,Sha Tin,5,1400
10/02/2018,Sha Tin,6,1650
10/02/2018,Sha Tin,7,1600
10/02/2018,Sha Tin,8,1400
10/02/2018,Sha Tin,9,1200
10/02/2018,Sha Tin,10,1200
07/02/2018,Happy Valley,1,1650
07/02/2018,Happy Valley,2,2200
07/02/2018,Happy Valley,3,1800
07/02/2018,Happy Valley,4,1200
07/02/2018,Happy Valley,5,1200
07/02/2018,Happy Valley,6,1650
07/02/2018,Happy Valley,7,1200
07/02/2018,Happy Valley,8,1650
04/02/2018,Sha Tin,1,1200
04/02/2018,Sha Tin,2,1200
04/02/2018,Sha Tin,3,1800
04/02/2018,Sha Tin,4,1400
04/02/2018,Sha Tin,5,1800
04/02/2018,Sha Tin,6,1400
04/02/2018,Sha Tin,7,1400
04/02/2018,Sha Tin,8,1400
04/02/2018,Sha Tin,9,1200
04/02/2018,Sha Tin,10,1400
31/01/2018,Happy Valley,1,1000
31/01/2018,Happy Valley,2,1800
31/01/2018,Happy Valley,3,1650
31/01/2018,Happy Valley,4,1200
31/01/2018,Happy Valley,5,1650
31/01/2018,Happy Valley,6,1650
31/01/2018,Happy Valley,7,1200
31/01/2018,Happy Valley,8,1200
28/01/2018,Sha Tin,1,1400
28/01/2018,Sha Tin,2,2000
28/01/2018,Sha Tin,3,1200
28/01/2018,Sha Tin,4,1600
28/01/2018,Sha Tin,5,1200
28/01/2018,Sha Tin,6,1000
28/01/2018,Sha Tin,7,1200
28/01/2018,Sha Tin,8,1600
28/01/2018,Sha Tin,9,1800
28/01/2018,Sha Tin,10,1600
24/01/2018,Sha Tin,1,1200
24/01/2018,Sha Tin,2,1200
24/01/2018,Sha Tin,3,1200
24/01/2018,Sha Tin,4,1650
24/01/2018,Sha Tin,5,1650
24/01/2018,Sha Tin,6,1800
24/01/2018,Sha Tin,7,1200
24/01/2018,Sha Tin,8,1650
21/01/2018,Sha Tin,1,1000
21/01/2018,Sha Tin,2,2000
21/01/2018,Sha Tin,3,1400
21/01/2018,Sha Tin,4,1400
21/01/2018,Sha Tin,5,1400
21/01/2018,Sha Tin,6,1200
21/01/2018,Sha Tin,7,1200
21/01/2018,Sha Tin,8,1400
21/01/2018,Sha Tin,9,1600
21/01/2018,Sha Tin,10,1400
17/01/2018,Happy Valley,1,1000
17/01/2018,Happy Valley,2,1650
17/01/2018,Happy Valley,3,1200
17/01/2018,Happy Valley,4,1650
17/01/2018,Happy Valley,5,1800
17/01/2018,Happy Valley,6,1200
17/01/2018,Happy Valley,7,1650
17/01/2018,Happy Valley,8,1200
13/01/2018,Sha Tin,1,1400
13/01/2018,Sha Tin,2,1400
13/01/2018,Sha Tin,3,1000
13/01/2018,Sha Tin,4,2200
13/01/2018,Sha Tin,5,1200
13/01/2018,Sha Tin,6,1200
13/01/2018,Sha Tin,7,1650
13/01/2018,Sha Tin,8,1600
13/01/2018,Sha Tin,9,1200
13/01/2018,Sha Tin,10,1400
10/01/2018,Happy Valley,1,1000
10/01/2018,Happy Valley,2,1200
10/01/2018,Happy Valley,3,1200
10/01/2018,Happy Valley,4,1650
10/01/2018,Happy Valley,5,1000
10/01/2018,Happy Valley,7,1650
10/01/2018,Happy Valley,8,1200
07/01/2018,Sha Tin,1,1000
07/01/2018,Sha Tin,2,1800
07/01/2018,Sha Tin,3,1650
07/01/2018,Sha Tin,4,1600
07/01/2018,Sha Tin,5,1400
07/01/2018,Sha Tin,6,1800
07/01/2018,Sha Tin,7,1000
07/01/2018,Sha Tin,8,1200
07/01/2018,Sha Tin,9,1400
07/01/2018,Sha Tin,10,1600
01/01/2018,Sha Tin,1,1400
01/01/2018,Sha Tin,2,1600
01/01/2018,Sha Tin,3,1400
01/01/2018,Sha Tin,4,1200
01/01/2018,Sha Tin,5,1600
01/01/2018,Sha Tin,7,1200
01/01/2018,Sha Tin,8,1400
01/01/2018,Sha Tin,9,1800
01/01/2018,Sha Tin,10,1400
27/12/2017,Happy Valley,1,1800
27/12/2017,Happy Valley,2,1200
27/12/2017,Happy Valley,3,1650
27/12/2017,Happy Valley,4,1000
27/12/2017,Happy Valley,5,1200
27/12/2017,Happy Valley,6,1000
27/12/2017,Happy Valley,7,1650
27/12/2017,Happy Valley,8,1650
23/12/2017,Sha Tin,1,2000
23/12/2017,Sha Tin,2,1200
23/12/2017,Sha Tin,3,1400
23/12/2017,Sha Tin,4,1650
23/12/2017,Sha Tin,5,1400
23/12/2017,Sha Tin,6,1000
23/12/2017,Sha Tin,7,1200
23/12/2017,Sha Tin,8,1650
23/12/2017,Sha Tin,9,2000
23/12/2017,Sha Tin,10,1400
20/12/2017,Happy Valley,1,1000
20/12/2017,Happy Valley,2,1200
20/12/2017,Happy Valley,4,1200
20/12/2017,Happy Valley,5,1650
20/12/2017,Happy Valley,6,2200
20/12/2017,Happy Valley,7,1200
20/12/2017,Happy Valley,8,1200
17/12/2017,Sha Tin,1,1000
17/12/2017,Sha Tin,2,1800
17/12/2017,Sha Tin,3,1200
17/12/2017,Sha Tin,4,1200
17/12/2017,Sha Tin,5,1200
17/12/2017,Sha Tin,6,1400
17/12/2017,Sha Tin,7,1600
17/12/2017,Sha Tin,8,1600
17/12/2017,Sha Tin,9,1200
17/12/2017,Sha Tin,10,1400
13/12/2017,Happy Valley,1,1650
13/12/2017,Happy Valley,2,1200
13/12/2017,Happy Valley,3,1200
13/12/2017,Happy Valley,4,1800
13/12/2017,Happy Valley,5,1650
13/12/2017,Happy Valley,6,1650
13/12/2017,Happy Valley,7,1650
13/12/2017,Happy Valley,8,1200
10/12/2017,Sha Tin,1,1800
10/12/2017,Sha Tin,2,1200
10/12/2017,Sha Tin,3,1400
10/12/2017,Sha Tin,4,2400
10/12/2017,Sha Tin,5,1200
06/12/2017,Happy Valley,1,1650
06/12/2017,Happy Valley,2,1200
06/12/2017,Happy Valley,3,1200
06/12/2017,Happy Valley,4,1650
06/12/2017,Happy Valley,5,1000
06/12/2017,Happy Valley,6,1000
06/12/2017,Happy Valley,7,1650
06/12/2017,Happy Valley,8,1650
06/12/2017,Happy Valley,9,1800
03/12/2017,Sha Tin,1,1200
03/12/2017,Sha Tin,2,1200
03/12/2017,Sha Tin,3,1400
03/12/2017,Sha Tin,4,1800
03/12/2017,Sha Tin,5,1200
03/12/2017,Sha Tin,6,1650
03/12/2017,Sha Tin,7,1000
03/12/2017,Sha Tin,8,1650
03/12/2017,Sha Tin,9,1200
03/12/2017,Sha Tin,10,1400
29/11/2017,Happy Valley,1,1650
29/11/2017,Happy Valley,2,1200
29/11/2017,Happy Valley,3,2200
26/11/2017,Sha Tin,1,1000
26/11/2017,Sha Tin,2,1200
26/11/2017,Sha Tin,3,1200
26/11/2017,Sha Tin,4,1400
26/11/2017,Sha Tin,5,1200
26/11/2017,Sha Tin,6,1600
26/11/2017,Sha Tin,8,1400
26/11/2017,Sha Tin,9,1600
26/11/2017,Sha Tin,10,1400
22/11/2017,Happy Valley,1,1200
22/11/2017,Happy Valley,2,2200
22/11/2017,Happy Valley,3,1200
22/11/2017,Happy Valley,4,1200
22/11/2017,Happy Valley,5,1650
22/11/2017,Happy Valley,6,1200
22/11/2017,Happy Valley,7,1200
22/11/2017,Happy Valley,8,1650
19/11/2017,Sha Tin,1,1650
19/11/2017,Sha Tin,2,1800
19/11/2017,Sha Tin,3,1400
19/11/2017,Sha Tin,4,2000
19/11/2017,Sha Tin,5,1800
19/11/2017,Sha Tin,6,2000
19/11/2017,Sha Tin,7,1200
19/11/2017,Sha Tin,8,1600
19/11/2017,Sha Tin,9,1400
19/11/2017,Sha Tin,10,1200
15/11/2017,Happy Valley,1,1000
15/11/2017,Happy Valley,2,1650
15/11/2017,Happy Valley,3,1200
15/11/2017,Happy Valley,4,1650
15/11/2017,Happy Valley,5,1200
15/11/2017,Happy Valley,6,1000
15/11/2017,Happy Valley,7,1650
15/11/2017,Happy Valley,8,1650
11/11/2017,Sha Tin,1,1400
11/11/2017,Sha Tin,2,1000
11/11/2017,Sha Tin,3,1600
11/11/2017,Sha Tin,4,1400
11/11/2017,Sha Tin,5,1200
11/11/2017,Sha Tin,6,1200
11/11/2017,Sha Tin,7,1400
11/11/2017,Sha Tin,8,1200
11/11/2017,Sha Tin,9,1600
11/11/2017,Sha Tin,10,1400
08/11/2017,Happy Valley,1,1800
08/11/2017,Happy Valley,2,1000
08/11/2017,Happy Valley,3,1200
08/11/2017,Happy Valley,4,1650
08/11/2017,Happy Valley,5,1200
08/11/2017,Happy Valley,6,1650
08/11/2017,Happy Valley,7,1200
08/11/2017,Happy Valley,8,1200
05/11/2017,Sha Tin,1,1200
05/11/2017,Sha Tin,2,1200
05/11/2017,Sha Tin,3,1000
05/11/2017,Sha Tin,4,1200
05/11/2017,Sha Tin,5,1800
05/11/2017,Sha Tin,6,1400
05/11/2017,Sha Tin,7,1800
05/11/2017,Sha Tin,8,1800
05/11/2017,Sha Tin,9,1400
05/11/2017,Sha Tin,10,1400
01/11/2017,Sha Tin,1,1200
01/11/2017,Sha Tin,2,1200
01/11/2017,Sha Tin,3,1650
01/11/2017,Sha Tin,4,1200
01/11/2017,Sha Tin,5,1650
01/11/2017,Sha Tin,6,1200
01/11/2017,Sha Tin,7,1650
01/11/2017,Sha Tin,8,1650
29/10/2017,Happy Valley,1,2200
29/10/2017,Happy Valley,2,1200
29/10/2017,Happy Valley,3,1200
29/10/2017,Happy Valley,4,1200
29/10/2017,Happy Valley,5,1650
29/10/2017,Happy Valley,6,1200
29/10/2017,Happy Valley,7,1000
29/10/2017,Happy Valley,8,1650
29/10/2017,Happy Valley,9,1650
29/10/2017,Happy Valley,10,1200
25/10/2017,Happy Valley,1,2200
25/10/2017,Happy Valley,2,1650
25/10/2017,Happy Valley,3,1800
25/10/2017,Happy Valley,4,1000
25/10/2017,Happy Valley,5,1200
25/10/2017,Happy Valley,6,1650
25/10/2017,Happy Valley,7,1650
25/10/2017,Happy Valley,8,1200
22/10/2017,Sha Tin,1,1000
22/10/2017,Sha Tin,2,1600
22/10/2017,Sha Tin,3,1400
22/10/2017,Sha Tin,4,1600
22/10/2017,Sha Tin,5,1400
22/10/2017,Sha Tin,6,1800
22/10/2017,Sha Tin,7,1200
22/10/2017,Sha Tin,8,1600
22/10/2017,Sha Tin,9,1200
22/10/2017,Sha Tin,10,1400
18/10/2017,Happy Valley,1,1200
18/10/2017,Happy Valley,2,1200
18/10/2017,Happy Valley,3,1650
18/10/2017,Happy Valley,4,1800
18/10/2017,Happy Valley,5,1200
18/10/2017,Happy Valley,6,1200
18/10/2017,Happy Valley,7,1200
18/10/2017,Happy Valley,8,1650
14/10/2017,Sha Tin,1,1600
14/10/2017,Sha Tin,2,1400
14/10/2017,Sha Tin,3,1800
14/10/2017,Sha Tin,4,1200
14/10/2017,Sha Tin,5,1400
14/10/2017,Sha Tin,6,1600
14/10/2017,Sha Tin,7,1200
14/10/2017,Sha Tin,8,1000
14/10/2017,Sha Tin,9,1200
14/10/2017,Sha Tin,10,1400
11/10/2017,Happy Valley,1,1000
11/10/2017,Happy Valley,2,1200
11/10/2017,Happy Valley,3,1200
11/10/2017,Happy Valley,4,1800
11/10/2017,Happy Valley,5,1650
11/10/2017,Happy Valley,6,1650
11/10/2017,Happy Valley,7,1000
11/10/2017,Happy Valley,8,1200
08/10/2017,Sha Tin,1,1000
08/10/2017,Sha Tin,2,2000
08/10/2017,Sha Tin,3,1200
08/10/2017,Sha Tin,4,1200
08/10/2017,Sha Tin,5,1400
08/10/2017,Sha Tin,6,1600
08/10/2017,Sha Tin,7,1650
08/10/2017,Sha Tin,8,1200
08/10/2017,Sha Tin,9,1650
08/10/2017,Sha Tin,10,1400
05/10/2017,Happy Valley,1,1650
05/10/2017,Happy Valley,2,1200
05/10/2017,Happy Valley,3,1800
05/10/2017,Happy Valley,4,1200
05/10/2017,Happy Valley,5,1200
05/10/2017,Happy Valley,6,1650
05/10/2017,Happy Valley,7,1000
05/10/2017,Happy Valley,8,1800
01/10/2017,Sha Tin,1,1200
01/10/2017,Sha Tin,2,1800
01/10/2017,Sha Tin,3,1200
01/10/2017,Sha Tin,4,1400
01/10/2017,Sha Tin,5,1600
01/10/2017,Sha Tin,6,1200
01/10/2017,Sha Tin,7,1000
01/10/2017,Sha Tin,8,1400
01/10/2017,Sha Tin,9,1400
01/10/2017,Sha Tin,10,1200
27/09/2017,Happy Valley,1,1200
27/09/2017,Happy Valley,2,1200
27/09/2017,Happy Valley,3,1650
27/09/2017,Happy Valley,4,1650
27/09/2017,Happy Valley,5,1000
27/09/2017,Happy Valley,6,1200
27/09/2017,Happy Valley,7,1650
27/09/2017,Happy Valley,8,1200
24/09/2017,Sha Tin,1,1800
24/09/2017,Sha Tin,2,1200
24/09/2017,Sha Tin,3,1200
24/09/2017,Sha Tin,4,1400
24/09/2017,Sha Tin,5,1400
24/09/2017,Sha Tin,6,1200
24/09/2017,Sha Tin,7,1200
24/09/2017,Sha Tin,8,1200
24/09/2017,Sha Tin,9,1400
24/09/2017,Sha Tin,10,1400
20/09/2017,Happy Valley,1,1200
20/09/2017,Happy Valley,2,1800
20/09/2017,Happy Valley,3,1800
20/09/2017,Happy Valley,4,1650
20/09/2017,Happy Valley,5,1200
20/09/2017,Happy Valley,6,1650
20/09/2017,Happy Valley,7,1200
20/09/2017,Happy Valley,8,1200
13/09/2017,Happy Valley,1,1200
13/09/2017,Happy Valley,2,1200
13/09/2017,Happy Valley,3,1650
13/09/2017,Happy Valley,4,1000
13/09/2017,Happy Valley,5,1650
13/09/2017,Happy Valley,6,1650
13/09/2017,Happy Valley,7,1200
13/09/2017,Happy Valley,8,1650
10/09/2017,Sha Tin,1,1200
10/09/2017,Sha Tin,2,1000
10/09/2017,Sha Tin,3,1600
10/09/2017,Sha Tin,4,1400
10/09/2017,Sha Tin,5,1400
10/09/2017,Sha Tin,6,1200
10/09/2017,Sha Tin,7,1400
10/09/2017,Sha Tin,8,1600
10/09/2017,Sha Tin,9,1200
10/09/2017,Sha Tin,10,1200
06/09/2017,Happy Valley,1,1200
06/09/2017,Happy Valley,2,1650
06/09/2017,Happy Valley,3,1650
06/09/2017,Happy Valley,4,1000
06/09/2017,Happy Valley,5,1200
06/09/2017,Happy Valley,6,1200
06/09/2017,Happy Valley,7,1650
06/09/2017,Happy Valley,8,1200
03/09/2017,Sha Tin,1,1000
03/09/2017,Sha Tin,2,1600
03/09/2017,Sha Tin,3,1200
03/09/2017,Sha Tin,4,1200
03/09/2017,Sha Tin,5,1200
03/09/2017,Sha Tin,6,1400
03/09/2017,Sha Tin,7,1000
03/09/2017,Sha Tin,8,1400
03/09/2017,Sha Tin,9,1200
03/09/2017,Sha Tin,10,1400
16/07/2017,Sha Tin,1,1200
16/07/2017,Sha Tin,2,1800
16/07/2017,Sha Tin,3,1200
16/07/2017,Sha Tin,4,1400
16/07/2017,Sha Tin,5,1800
16/07/2017,Sha Tin,6,1400
16/07/2017,Sha Tin,7,1600
16/07/2017,Sha Tin,8,1600
16/07/2017,Sha Tin,9,1400
16/07/2017,Sha Tin,10,1200
12/07/2017,Happy Valley,1,1000
12/07/2017,Happy Valley,2,1650
12/07/2017,Happy Valley,3,1650
12/07/2017,Happy Valley,5,1000
12/07/2017,Happy Valley,6,1200
12/07/2017,Happy Valley,7,1800
12/07/2017,Happy Valley,8,1200
01/07/2017,Sha Tin,1,1200
01/07/2017,Sha Tin,2,1200
01/07/2017,Sha Tin,3,1650
01/07/2017,Sha Tin,4,2000
01/07/2017,Sha Tin,5,1200
01/07/2017,Sha Tin,6,1800
01/07/2017,Sha Tin,7,1400
01/07/2017,Sha Tin,8,1650
01/07/2017,Sha Tin,9,1400
01/07/2017,Sha Tin,10,1200
28/06/2017,Happy Valley,1,2200
28/06/2017,Happy Valley,2,1650
28/06/2017,Happy Valley,3,1650
28/06/2017,Happy Valley,4,1200
28/06/2017,Happy Valley,5,1200
28/06/2017,Happy Valley,6,1650
28/06/2017,Happy Valley,7,1650
28/06/2017,Happy Valley,8,1200
25/06/2017,Sha Tin,1,1400
25/06/2017,Sha Tin,2,1000
25/06/2017,Sha Tin,3,1800
25/06/2017,Sha Tin,4,1200
25/06/2017,Sha Tin,5,1200
25/06/2017,Sha Tin,6,1400
25/06/2017,Sha Tin,7,1400
25/06/2017,Sha Tin,8,1600
25/06/2017,Sha Tin,9,1200
25/06/2017,Sha Tin,10,1400
21/06/2017,Happy Valley,1,1000
21/06/2017,Happy Valley,2,1650
21/06/2017,Happy Valley,3,1200
21/06/2017,Happy Valley,4,1800
21/06/2017,Happy Valley,5,1200
21/06/2017,Happy Valley,6,1650
21/06/2017,Happy Valley,7,1200
21/06/2017,Happy Valley,8,1650
18/06/2017,Sha Tin,1,1000
18/06/2017,Sha Tin,2,1800
18/06/2017,Sha Tin,3,1400
18/06/2017,Sha Tin,4,1650
18/06/2017,Sha Tin,5,1200
18/06/2017,Sha Tin,6,1800
18/06/2017,Sha Tin,7,1650
18/06/2017,Sha Tin,8,1200
18/06/2017,Sha Tin,9,1600
18/06/2017,Sha Tin,10,1200
14/06/2017,Happy Valley,1,1650
14/06/2017,Happy Valley,2,1650
14/06/2017,Happy Valley,3,1200
14/06/2017,Happy Valley,4,1000
14/06/2017,Happy Valley,5,1200
14/06/2017,Happy Valley,6,1650
14/06/2017,Happy Valley,7,1800
14/06/2017,Happy Valley,8,1200
11/06/2017,Sha Tin,1,1000
11/06/2017,Sha Tin,2,1200
11/06/2017,Sha Tin,3,1200
11/06/2017,Sha Tin,4,2200
11/06/2017,Sha Tin,5,1600
11/06/2017,Sha Tin,6,1200
11/06/2017,Sha Tin,7,1400
11/06/2017,Sha Tin,8,1200
11/06/2017,Sha Tin,9,1400
11/06/2017,Sha Tin,10,1600
07/06/2017,Happy Valley,1,1650
07/06/2017,Happy Valley,2,1200
07/06/2017,Happy Valley,3,1200
07/06/2017,Happy Valley,4,1650
07/06/2017,Happy Valley,5,1800
07/06/2017,Happy Valley,6,1200
07/06/2017,Happy Valley,7,1200
07/06/2017,Happy Valley,8,1200
04/06/2017,Sha Tin,1,1200
04/06/2017,Sha Tin,2,1200
04/06/2017,Sha Tin,3,1400
04/06/2017,Sha Tin,4,1200
04/06/2017,Sha Tin,5,2000
04/06/2017,Sha Tin,6,1400
04/06/2017,Sha Tin,7,1600
04/06/2017,Sha Tin,8,1200
04/06/2017,Sha Tin,9,1000
04/06/2017,Sha Tin,10,1400
31/05/2017,Sha Tin,1,1800
31/05/2017,Sha Tin,2,1800
31/05/2017,Sha Tin,3,1200
31/05/2017,Sha Tin,4,1650
31/05/2017,Sha Tin,5,1200
31/05/2017,Sha Tin,6,1200
31/05/2017,Sha Tin,7,1650
31/05/2017,Sha Tin,8,1650
28/05/2017,Sha Tin,1,2000
28/05/2017,Sha Tin,2,1000
28/05/2017,Sha Tin,3,1600
28/05/2017,Sha Tin,4,1400
28/05/2017,Sha Tin,5,1400
28/05/2017,Sha Tin,6,1400
28/05/2017,Sha Tin,7,2400
28/05/2017,Sha Tin,8,1200
28/05/2017,Sha Tin,9,1400
28/05/2017,Sha Tin,10,1200
24/05/2017,Happy Valley,1,1650
24/05/2017,Happy Valley,2,1200
24/05/2017,Happy Valley,3,1200
24/05/2017,Happy Valley,4,1650
24/05/2017,Happy Valley,5,1650
24/05/2017,Happy Valley,6,1650
24/05/2017,Happy Valley,7,1000
24/05/2017,Happy Valley,8,1200
21/05/2017,Sha Tin,1,1200
21/05/2017,Sha Tin,2,1200
21/05/2017,Sha Tin,3,1200
21/05/2017,Sha Tin,4,1800
21/05/2017,Sha Tin,5,1400
21/05/2017,Sha Tin,6,1400
21/05/2017,Sha Tin,7,1200
21/05/2017,Sha Tin,8,1200
21/05/2017,Sha Tin,9,1600
21/05/2017,Sha Tin,10,1600
17/05/2017,Happy Valley,1,1000
17/05/2017,Happy Valley,2,2200
17/05/2017,Happy Valley,3,1800
17/05/2017,Happy Valley,4,1650
17/05/2017,Happy Valley,5,1200
17/05/2017,Happy Valley,6,1200
17/05/2017,Happy Valley,7,1200
17/05/2017,Happy Valley,8,1200
13/05/2017,Sha Tin,1,1000
13/05/2017,Sha Tin,2,1400
13/05/2017,Sha Tin,3,1400
13/05/2017,Sha Tin,4,1650
13/05/2017,Sha Tin,5,1000
13/05/2017,Sha Tin,6,1400
13/05/2017,Sha Tin,7,1000
13/05/2017,Sha Tin,8,1650
13/05/2017,Sha Tin,9,1400
13/05/2017,Sha Tin,10,1400
10/05/2017,Happy Valley,1,1000
10/05/2017,Happy Valley,2,1200
10/05/2017,Happy Valley,3,1200
10/05/2017,Happy Valley,4,1650
10/05/2017,Happy Valley,5,1650
10/05/2017,Happy Valley,7,1800
10/05/2017,Happy Valley,8,1200
07/05/2017,Sha Tin,1,1600
07/05/2017,Sha Tin,2,2000
07/05/2017,Sha Tin,3,1200
07/05/2017,Sha Tin,4,1600
07/05/2017,Sha Tin,5,2000
07/05/2017,Sha Tin,6,1000
07/05/2017,Sha Tin,7,1600
07/05/2017,Sha Tin,8,1200
07/05/2017,Sha Tin,9,1200
07/05/2017,Sha Tin,10,1400
30/04/2017,Sha Tin,1,1400
30/04/2017,Sha Tin,2,1200
30/04/2017,Sha Tin,3,1400
30/04/2017,Sha Tin,4,1400
30/04/2017,Sha Tin,5,1600
30/04/2017,Sha Tin,6,2400
30/04/2017,Sha Tin,7,1400
30/04/2017,Sha Tin,8,2000
30/04/2017,Sha Tin,9,1200
30/04/2017,Sha Tin,10,1600
26/04/2017,Happy Valley,1,1650
26/04/2017,Happy Valley,2,2200
26/04/2017,Happy Valley,3,1200
26/04/2017,Happy Valley,4,1200
26/04/2017,Happy Valley,5,1650
26/04/2017,Happy Valley,6,1650
26/04/2017,Happy Valley,7,1200
26/04/2017,Happy Valley,8,1200
23/04/2017,Sha Tin,1,1200
23/04/2017,Sha Tin,2,1000
23/04/2017,Sha Tin,3,1650
23/04/2017,Sha Tin,4,1650
23/04/2017,Sha Tin,5,1400
23/04/2017,Sha Tin,6,1200
23/04/2017,Sha Tin,7,1000
23/04/2017,Sha Tin,8,1200
23/04/2017,Sha Tin,9,1800
23/04/2017,Sha Tin,10,1400
20/04/2017,Happy Valley,1,2200
20/04/2017,Happy Valley,2,1650
20/04/2017,Happy Valley,3,1200
20/04/2017,Happy Valley,4,1000
20/04/2017,Happy Valley,5,1650
20/04/2017,Happy Valley,6,1000
20/04/2017,Happy Valley,7,1200
20/04/2017,Happy Valley,8,1650
17/04/2017,Sha Tin,1,1000
17/04/2017,Sha Tin,2,1400
17/04/2017,Sha Tin,3,1800
17/04/2017,Sha Tin,4,1200
17/04/2017,Sha Tin,5,1400
17/04/2017,Sha Tin,6,1200
17/04/2017,Sha Tin,7,1200
17/04/2017,Sha Tin,8,1200
17/04/2017,Sha Tin,9,1600
17/04/2017,Sha Tin,10,1400
12/04/2017,Happy Valley,1,1000
12/04/2017,Happy Valley,2,1200
12/04/2017,Happy Valley,3,1650
12/04/2017,Happy Valley,4,1200
12/04/2017,Happy Valley,5,1200
12/04/2017,Happy Valley,6,2200
12/04/2017,Happy Valley,7,1200
12/04/2017,Happy Valley,8,1650
09/04/2017,Sha Tin,1,1000
09/04/2017,Sha Tin,2,1400
09/04/2017,Sha Tin,3,1800
09/04/2017,Sha Tin,4,1200
09/04/2017,Sha Tin,5,1000
09/04/2017,Sha Tin,6,1600
09/04/2017,Sha Tin,7,1200
09/04/2017,Sha Tin,8,1600
09/04/2017,Sha Tin,9,2200
09/04/2017,Sha Tin,10,1400
05/04/2017,Sha Tin,1,1200
05/04/2017,Sha Tin,2,1800
05/04/2017,Sha Tin,3,1650
05/04/2017,Sha Tin,4,1650
05/04/2017,Sha Tin,5,1200
05/04/2017,Sha Tin,6,1200
05/04/2017,Sha Tin,7,1200
05/04/2017,Sha Tin,8,1650
02/04/2017,Sha Tin,1,1200
02/04/2017,Sha Tin,2,1400
02/04/2017,Sha Tin,3,1200
02/04/2017,Sha Tin,4,1400
02/04/2017,Sha Tin,5,1200
02/04/2017,Sha Tin,6,1400
02/04/2017,Sha Tin,7,1400
02/04/2017,Sha Tin,8,1200
02/04/2017,Sha Tin,9,1400
29/03/2017,Happy Valley,1,1650
29/03/2017,Happy Valley,2,1200
29/03/2017,Happy Valley,3,1200
29/03/2017,Happy Valley,4,1650
29/03/2017,Happy Valley,5,1200
29/03/2017,Happy Valley,6,1000
29/03/2017,Happy Valley,7,1650
29/03/2017,Happy Valley,8,1200
26/03/2017,Sha Tin,1,2000
26/03/2017,Sha Tin,2,1600
26/03/2017,Sha Tin,3,1000
26/03/2017,Sha Tin,4,1200
26/03/2017,Sha Tin,5,1200
26/03/2017,Sha Tin,6,1200
26/03/2017,Sha Tin,7,1200
26/03/2017,Sha Tin,8,1600
26/03/2017,Sha Tin,9,1400
26/03/2017,Sha Tin,10,1600
22/03/2017,Happy Valley,1,1650
22/03/2017,Happy Valley,2,1000
22/03/2017,Happy Valley,3,1200
22/03/2017,Happy Valley,4,1800
22/03/2017,Happy Valley,5,1200
22/03/2017,Happy Valley,6,1200
22/03/2017,Happy Valley,7,1800
22/03/2017,Happy Valley,8,1650
19/03/2017,Sha Tin,1,1200
19/03/2017,Sha Tin,2,1400
19/03/2017,Sha Tin,3,1400
19/03/2017,Sha Tin,4,1000
19/03/2017,Sha Tin,5,1600
19/03/2017,Sha Tin,6,1400
19/03/2017,Sha Tin,7,2000
19/03/2017,Sha Tin,8,2000
19/03/2017,Sha Tin,9,1200
19/03/2017,Sha Tin,10,1400
15/03/2017,Happy Valley,1,1200
15/03/2017,Happy Valley,2,1800
15/03/2017,Happy Valley,3,1200
15/03/2017,Happy Valley,4,1650
15/03/2017,Happy Valley,5,1000
15/03/2017,Happy Valley,6,1200
15/03/2017,Happy Valley,7,1650
15/03/2017,Happy Valley,8,1200
12/03/2017,Sha Tin,1,1650
12/03/2017,Sha Tin,2,1200
12/03/2017,Sha Tin,3,1400
12/03/2017,Sha Tin,5,2200
12/03/2017,Sha Tin,6,1200
12/03/2017,Sha Tin,7,1000
12/03/2017,Sha Tin,8,1650
12/03/2017,Sha Tin,9,1600
12/03/2017,Sha Tin,10,1400
08/03/2017,Happy Valley,1,1000
08/03/2017,Happy Valley,2,1000
08/03/2017,Happy Valley,3,1650
08/03/2017,Happy Valley,4,1650
08/03/2017,Happy Valley,5,1200
08/03/2017,Happy Valley,6,1200
08/03/2017,Happy Valley,7,1800
08/03/2017,Happy Valley,8,1200
05/03/2017,Sha Tin,1,1200
05/03/2017,Sha Tin,2,1600
05/03/2017,Sha Tin,3,1000
05/03/2017,Sha Tin,4,1200
05/03/2017,Sha Tin,5,1200
05/03/2017,Sha Tin,6,1400
05/03/2017,Sha Tin,7,1400
05/03/2017,Sha Tin,8,1200
05/03/2017,Sha Tin,9,1400
05/03/2017,Sha Tin,10,1400
01/03/2017,Sha Tin,1,1800
01/03/2017,Sha Tin,2,1650
01/03/2017,Sha Tin,3,1200
01/03/2017,Sha Tin,4,1800
01/03/2017,Sha Tin,5,1200
01/03/2017,Sha Tin,6,1650
01/03/2017,Sha Tin,7,1200
01/03/2017,Sha Tin,8,1200
26/02/2017,Sha Tin,1,1000
26/02/2017,Sha Tin,2,1400
26/02/2017,Sha Tin,3,1400
26/02/2017,Sha Tin,4,1400
26/02/2017,Sha Tin,5,1000
26/02/2017,Sha Tin,6,1200
26/02/2017,Sha Tin,7,2000
26/02/2017,Sha Tin,8,1600
26/02/2017,Sha Tin,9,2000
26/02/2017,Sha Tin,10,1600
22/02/2017,Happy Valley,1,1650
22/02/2017,Happy Valley,2,1650
22/02/2017,Happy Valley,3,1200
22/02/2017,Happy Valley,4,1650
22/02/2017,Happy Valley,5,1000
22/02/2017,Happy Valley,7,1200
22/02/2017,Happy Valley,8,1650
19/02/2017,Sha Tin,1,1200
19/02/2017,Sha Tin,2,1200
19/02/2017,Sha Tin,3,1400
19/02/2017,Sha Tin,4,1200
19/02/2017,Sha Tin,5,1200
19/02/2017,Sha Tin,6,1800
19/02/2017,Sha Tin,7,2000
19/02/2017,Sha Tin,8,1800
19/02/2017,Sha Tin,9,1400
19/02/2017,Sha Tin,10,1400
15/02/2017,Happy Valley,1,1000
15/02/2017,Happy Valley,2,1650
15/02/2017,Happy Valley,3,1650
15/02/2017,Happy Valley,4,1200
15/02/2017,Happy Valley,5,1200
15/02/2017,Happy Valley,6,1200
15/02/2017,Happy Valley,7,1650
15/02/2017,Happy Valley,8,1800
11/02/2017,Sha Tin,1,1650
11/02/2017,Sha Tin,2,1800
11/02/2017,Sha Tin,3,1200
11/02/2017,Sha Tin,4,1650
11/02/2017,Sha Tin,5,1000
11/02/2017,Sha Tin,6,1600
11/02/2017,Sha Tin,7,1600
11/02/2017,Sha Tin,8,1200
11/02/2017,Sha Tin,9,1400
11/02/2017,Sha Tin,10,1400
08/02/2017,Happy Valley,1,1650
08/02/2017,Happy Valley,2,1200
08/02/2017,Happy Valley,3,1200
08/02/2017,Happy Valley,4,1200
08/02/2017,Happy Valley,5,2200
08/02/2017,Happy Valley,6,1200
08/02/2017,Happy Valley,7,1650
08/02/2017,Happy Valley,8,1200
05/02/2017,Sha Tin,1,1400
05/02/2017,Sha Tin,2,1000
05/02/2017,Sha Tin,3,1200
05/02/2017,Sha Tin,4,1400
05/02/2017,Sha Tin,5,1800
05/02/2017,Sha Tin,6,1400
05/02/2017,Sha Tin,7,1800
05/02/2017,Sha Tin,8,1400
05/02/2017,Sha Tin,9,1200
05/02/2017,Sha Tin,10,1200
02/02/2017,Happy Valley,1,1000
02/02/2017,Happy Valley,2,2200
02/02/2017,Happy Valley,3,1650
02/02/2017,Happy Valley,4,1650
02/02/2017,Happy Valley,5,1200
02/02/2017,Happy Valley,6,1000
02/02/2017,Happy Valley,7,1200
02/02/2017,Happy Valley,8,1650
30/01/2017,Sha Tin,1,1200
30/01/2017,Sha Tin,3,2000
30/01/2017,Sha Tin,4,1200
30/01/2017,Sha Tin,5,1200
30/01/2017,Sha Tin,6,1000
30/01/2017,Sha Tin,7,1400
30/01/2017,Sha Tin,8,1400
30/01/2017,Sha Tin,9,1600
30/01/2017,Sha Tin,10,1200
25/01/2017,Happy Valley,1,1000
25/01/2017,Happy Valley,2,1650
25/01/2017,Happy Valley,3,2200
25/01/2017,Happy Valley,4,1200
25/01/2017,Happy Valley,5,1650
25/01/2017,Happy Valley,6,1200
25/01/2017,Happy Valley,7,1650
25/01/2017,Happy Valley,8,1200
25/01/2017,Happy Valley,9,1650
22/01/2017,Sha Tin,1,1000
22/01/2017,Sha Tin,2,1400
22/01/2017,Sha Tin,3,1400
22/01/2017,Sha Tin,4,1200
22/01/2017,Sha Tin,5,1400
22/01/2017,Sha Tin,6,1000
22/01/2017,Sha Tin,7,1800
22/01/2017,Sha Tin,8,1200
22/01/2017,Sha Tin,9,1600
22/01/2017,Sha Tin,10,1400
18/01/2017,Sha Tin,1,1200
18/01/2017,Sha Tin,2,1800
18/01/2017,Sha Tin,3,1200
18/01/2017,Sha Tin,4,1200
18/01/2017,Sha Tin,5,1200
18/01/2017,Sha Tin,6,1650
18/01/2017,Sha Tin,7,1800
18/01/2017,Sha Tin,8,1200
14/01/2017,Sha Tin,1,1200
14/01/2017,Sha Tin,2,1200
14/01/2017,Sha Tin,3,1200
14/01/2017,Sha Tin,4,1600
14/01/2017,Sha Tin,5,1200
14/01/2017,Sha Tin,6,1400
14/01/2017,Sha Tin,7,1200
14/01/2017,Sha Tin,8,1400
14/01/2017,Sha Tin,9,1800
14/01/2017,Sha Tin,10,1400
11/01/2017,Happy Valley,1,1650
11/01/2017,Happy Valley,2,1000
11/01/2017,Happy Valley,3,1200
11/01/2017,Happy Valley,4,1650
11/01/2017,Happy Valley,5,1650
11/01/2017,Happy Valley,6,1000
11/01/2017,Happy Valley,7,1650
11/01/2017,Happy Valley,8,1200
08/01/2017,Sha Tin,1,1600
08/01/2017,Sha Tin,2,1400
08/01/2017,Sha Tin,3,1000
08/01/2017,Sha Tin,4,1200
08/01/2017,Sha Tin,5,1800
08/01/2017,Sha Tin,6,1400
08/01/2017,Sha Tin,7,1400
08/01/2017,Sha Tin,8,1400
08/01/2017,Sha Tin,9,1200
08/01/2017,Sha Tin,10,1600
04/01/2017,Happy Valley,1,1200
04/01/2017,Happy Valley,2,1200
04/01/2017,Happy Valley,3,1200
04/01/2017,Happy Valley,4,1650
04/01/2017,Happy Valley,5,1800
04/01/2017,Happy Valley,6,1200
04/01/2017,Happy Valley,7,1800
04/01/2017,Happy Valley,8,1650
01/01/2017,Sha Tin,2,1000
01/01/2017,Sha Tin,3,1400
01/01/2017,Sha Tin,4,1600
01/01/2017,Sha Tin,5,1200
01/01/2017,Sha Tin,6,1200
01/01/2017,Sha Tin,7,1400
01/01/2017,Sha Tin,8,1400
01/01/2017,Sha Tin,9,1600
01/01/2017,Sha Tin,10,1400
27/12/2016,Sha Tin,1,1200
27/12/2016,Sha Tin,2,1600
27/12/2016,Sha Tin,3,1400
27/12/2016,Sha Tin,4,1200
27/12/2016,Sha Tin,5,1200
27/12/2016,Sha Tin,6,1800
27/12/2016,Sha Tin,7,1650
27/12/2016,Sha Tin,8,1000
27/12/2016,Sha Tin,9,2000
27/12/2016,Sha Tin,10,1650
22/12/2016,Happy Valley,1,1650
22/12/2016,Happy Valley,2,1650
22/12/2016,Happy Valley,3,1200
22/12/2016,Happy Valley,4,1200
22/12/2016,Happy Valley,5,1650
22/12/2016,Happy Valley,6,2200
22/12/2016,Happy Valley,8,1200
17/12/2016,Sha Tin,1,1650
17/12/2016,Sha Tin,2,1000
17/12/2016,Sha Tin,3,1650
17/12/2016,Sha Tin,4,1200
17/12/2016,Sha Tin,5,1600
17/12/2016,Sha Tin,6,1400
17/12/2016,Sha Tin,7,1200
17/12/2016,Sha Tin,8,1000
17/12/2016,Sha Tin,9,1400
17/12/2016,Sha Tin,10,1600
14/12/2016,Happy Valley,1,2200
14/12/2016,Happy Valley,2,1200
14/12/2016,Happy Valley,3,1800
14/12/2016,Happy Valley,8,1650
11/12/2016,Sha Tin,1,1200
11/12/2016,Sha Tin,2,1800
11/12/2016,Sha Tin,3,1400
11/12/2016,Sha Tin,4,2400
11/12/2016,Sha Tin,5,1200
11/12/2016,Sha Tin,6,1400
11/12/2016,Sha Tin,7,1600
11/12/2016,Sha Tin,8,2000
11/12/2016,Sha Tin,9,1200
11/12/2016,Sha Tin,10,1600
07/12/2016,Happy Valley,1,1650
07/12/2016,Happy Valley,2,1000
07/12/2016,Happy Valley,3,1200
07/12/2016,Happy Valley,4,1000
04/12/2016,Sha Tin,1,1200
04/12/2016,Sha Tin,2,1800
04/12/2016,Sha Tin,4,1200
04/12/2016,Sha Tin,5,1650
04/12/2016,Sha Tin,6,1000
04/12/2016,Sha Tin,7,1400
04/12/2016,Sha Tin,8,1650
04/12/2016,Sha Tin,9,1400
04/12/2016,Sha Tin,10,1200
30/11/2016,Happy Valley,1,1200
30/11/2016,Happy Valley,5,1800
30/11/2016,Happy Valley,7,1800
30/11/2016,Happy Valley,8,1200
27/11/2016,Sha Tin,1,1400
27/11/2016,Sha Tin,2,1400
27/11/2016,Sha Tin,3,1000
27/11/2016,Sha Tin,4,1200
23/11/2016,Happy Valley,1,1000
23/11/2016,Happy Valley,2,1800
23/11/2016,Happy Valley,3,1200
23/11/2016,Happy Valley,4,1200
23/11/2016,Happy Valley,5,1650
23/11/2016,Happy Valley,6,1650
23/11/2016,Happy Valley,7,1650
20/11/2016,Sha Tin,1,1400
20/11/2016,Sha Tin,2,1200
20/11/2016,Sha Tin,6,2000
20/11/2016,Sha Tin,9,1600
20/11/2016,Sha Tin,10,1200
16/11/2016,Happy Valley,1,1200
16/11/2016,Happy Valley,2,1000
16/11/2016,Happy Valley,3,1200
16/11/2016,Happy Valley,4,-1
16/11/2016,Happy Valley,5,1650
16/11/2016,Happy Valley,6,1650
16/11/2016,Happy Valley,7,1800
16/11/2016,Happy Valley,8,1200
12/11/2016,Sha Tin,1,2000
12/11/2016,Sha Tin,2,1200
12/11/2016,Sha Tin,3,1650
12/11/2016,Sha Tin,4,1400
12/11/2016,Sha Tin,5,1650
12/11/2016,Sha Tin,6,1400
12/11/2016,Sha Tin,7,1000
12/11/2016,Sha Tin,8,1400
12/11/2016,Sha Tin,9,1200
12/11/2016,Sha Tin,10,1600
09/11/2016,Happy Valley,1,1000
09/11/2016,Happy Valley,2,1650
09/11/2016,Happy Valley,3,1650
09/11/2016,Happy Valley,4,1200
09/11/2016,Happy Valley,5,1200
09/11/2016,Happy Valley,7,1200
09/11/2016,Happy Valley,8,1200
06/11/2016,Sha Tin,1,1400
06/11/2016,Sha Tin,2,1200
06/11/2016,Sha Tin,3,1400
06/11/2016,Sha Tin,5,1000
06/11/2016,Sha Tin,6,1600
06/11/2016,Sha Tin,7,1400
06/11/2016,Sha Tin,8,1800
06/11/2016,Sha Tin,9,1400
06/11/2016,Sha Tin,10,1400
02/11/2016,Sha Tin,1,1200
02/11/2016,Sha Tin,2,1200
02/11/2016,Sha Tin,3,1650
02/11/2016,Sha Tin,4,1200
02/11/2016,Sha Tin,5,1200
02/11/2016,Sha Tin,6,1800
02/11/2016,Sha Tin,7,1200
02/11/2016,Sha Tin,8,1650
30/10/2016,Happy Valley,1,1650
30/10/2016,Happy Valley,2,1800
30/10/2016,Happy Valley,3,1200
30/10/2016,Happy Valley,4,1650
30/10/2016,Happy Valley,5,1200
30/10/2016,Happy Valley,6,1650
23/10/2016,Sha Tin,4,1400
23/10/2016,Sha Tin,6,1200
23/10/2016,Sha Tin,7,1200
23/10/2016,Sha Tin,8,1600
23/10/2016,Sha Tin,9,1600
23/10/2016,Sha Tin,10,1800
19/10/2016,Happy Valley,2,1800
19/10/2016,Happy Valley,3,1200
19/10/2016,Happy Valley,4,1200
19/10/2016,Happy Valley,5,1650
19/10/2016,Happy Valley,6,1650
19/10/2016,Happy Valley,7,1200
19/10/2016,Happy Valley,8,1200
16/10/2016,Sha Tin,1,1000
16/10/2016,Sha Tin,2,1600
16/10/2016,Sha Tin,3,1400
16/10/2016,Sha Tin,4,1200
16/10/2016,Sha Tin,5,1400
16/10/2016,Sha Tin,6,1600
16/10/2016,Sha Tin,7,1800
16/10/2016,Sha Tin,8,1200
16/10/2016,Sha Tin,9,1400
16/10/2016,Sha Tin,10,1000
12/10/2016,Happy Valley,1,1650
12/10/2016,Happy Valley,2,1200
12/10/2016,Happy Valley,3,1650
12/10/2016,Happy Valley,4,1200
12/10/2016,Happy Valley,5,1650
12/10/2016,Happy Valley,6,1000
12/10/2016,Happy Valley,7,1800
12/10/2016,Happy Valley,8,1200
08/10/2016,Sha Tin,1,1200
08/10/2016,Sha Tin,2,1200
08/10/2016,Sha Tin,3,1200
08/10/2016,Sha Tin,4,1400
08/10/2016,Sha Tin,5,1650
08/10/2016,Sha Tin,6,1650
08/10/2016,Sha Tin,7,1000
08/10/2016,Sha Tin,8,1600
08/10/2016,Sha Tin,9,1200
08/10/2016,Sha Tin,10,1400
05/10/2016,Happy Valley,1,1800
05/10/2016,Happy Valley,2,1200
05/10/2016,Happy Valley,3,1200
05/10/2016,Happy Valley,4,1200
05/10/2016,Happy Valley,5,1650
05/10/2016,Happy Valley,6,1650
05/10/2016,Happy Valley,7,1650
05/10/2016,Happy Valley,8,1200
01/10/2016,Sha Tin,1,1400
01/10/2016,Sha Tin,3,1400
01/10/2016,Sha Tin,4,1600
01/10/2016,Sha Tin,5,1200
01/10/2016,Sha Tin,6,1200
01/10/2016,Sha Tin,7,1200
01/10/2016,Sha Tin,8,1000
01/10/2016,Sha Tin,9,1400
01/10/2016,Sha Tin,10,1400
28/09/2016,Happy Valley,1,1650
28/09/2016,Happy Valley,2,1200
28/09/2016,Happy Valley,3,1650
28/09/2016,Happy Valley,4,1200
28/09/2016,Happy Valley,5,1000
28/09/2016,Happy Valley,6,1800
28/09/2016,Happy Valley,7,1200
28/09/2016,Happy Valley,8,1650
25/09/2016,Sha Tin,1,1200
25/09/2016,Sha Tin,2,1600
25/09/2016,Sha Tin,3,1400
25/09/2016,Sha Tin,4,1200
25/09/2016,Sha Tin,5,1200
25/09/2016,Sha Tin,7,1200
25/09/2016,Sha Tin,8,1200
25/09/2016,Sha Tin,9,1600
25/09/2016,Sha Tin,10,1400
21/09/2016,Happy Valley,1,1800
21/09/2016,Happy Valley,2,1800
21/09/2016,Happy Valley,3,1200
21/09/2016,Happy Valley,4,1650
21/09/2016,Happy Valley,5,1200
21/09/2016,Happy Valley,6,1200
21/09/2016,Happy Valley,7,1200
21/09/2016,Happy Valley,8,1650
18/09/2016,Sha Tin,1,1650
18/09/2016,Sha Tin,2,1200
18/09/2016,Sha Tin,3,1650
18/09/2016,Sha Tin,4,1000
18/09/2016,Sha Tin,6,1200
18/09/2016,Sha Tin,7,1000
18/09/2016,Sha Tin,9,1000
18/09/2016,Sha Tin,10,1400
11/09/2016,Sha Tin,1,1000
11/09/2016,Sha Tin,2,1200
11/09/2016,Sha Tin,4,1200
11/09/2016,Sha Tin,5,1400
11/09/2016,Sha Tin,6,1200
11/09/2016,Sha Tin,7,1600
11/09/2016,Sha Tin,8,1200
11/09/2016,Sha Tin,9,1400
11/09/2016,Sha Tin,10,1600
07/09/2016,Happy Valley,1,1200
07/09/2016,Happy Valley,2,1200
07/09/2016,Happy Valley,3,1650
07/09/2016,Happy Valley,4,1650
07/09/2016,Happy Valley,5,1200
07/09/2016,Happy Valley,6,1650
07/09/2016,Happy Valley,7,1200
07/09/2016,Happy Valley,8,1200
03/09/2016,Sha Tin,1,1200
03/09/2016,Sha Tin,2,1400
03/09/2016,Sha Tin,3,1200
03/09/2016,Sha Tin,4,1000
03/09/2016,Sha Tin,5,1400
03/09/2016,Sha Tin,6,1200
03/09/2016,Sha Tin,7,1000
03/09/2016,Sha Tin,8,1200
03/09/2016,Sha Tin,9,1400
03/09/2016,Sha Tin,10,1400
10/07/2016,Sha Tin,1,1200
10/07/2016,Sha Tin,2,1800
10/07/2016,Sha Tin,3,1800
10/07/2016,Sha Tin,4,1200
10/07/2016,Sha Tin,5,1400
10/07/2016,Sha Tin,6,1400
10/07/2016,Sha Tin,7,1600
10/07/2016,Sha Tin,8,1600
10/07/2016,Sha Tin,9,1200
10/07/2016,Sha Tin,10,1400
06/07/2016,Happy Valley,1,1200
06/07/2016,Happy Valley,2,1650
06/07/2016,Happy Valley,3,1200
06/07/2016,Happy Valley,4,1800
06/07/2016,Happy Valley,5,1200
06/07/2016,Happy Valley,6,1000
06/07/2016,Happy Valley,7,1650
06/07/2016,Happy Valley,8,1200
06/07/2016,Happy Valley,9,1200
01/07/2016,Sha Tin,1,1200
01/07/2016,Sha Tin,2,1000
01/07/2016,Sha Tin,3,1200
01/07/2016,Sha Tin,4,1400
01/07/2016,Sha Tin,6,1000
01/07/2016,Sha Tin,7,2000
01/07/2016,Sha Tin,8,1400
01/07/2016,Sha Tin,9,1200
01/07/2016,Sha Tin,10,1650
26/06/2016,Sha Tin,1,1800
26/06/2016,Sha Tin,2,1200
26/06/2016,Sha Tin,3,1200
26/06/2016,Sha Tin,4,1650
26/06/2016,Sha Tin,5,2000
26/06/2016,Sha Tin,7,1200
26/06/2016,Sha Tin,8,1200
26/06/2016,Sha Tin,9,1600
26/06/2016,Sha Tin,10,1600
22/06/2016,Happy Valley,1,1200
22/06/2016,Happy Valley,3,1000
22/06/2016,Happy Valley,4,1200
22/06/2016,Happy Valley,5,1650
22/06/2016,Happy Valley,6,2200
22/06/2016,Happy Valley,7,1200
22/06/2016,Happy Valley,8,1650
19/06/2016,Sha Tin,1,1000
19/06/2016,Sha Tin,2,1200
19/06/2016,Sha Tin,3,1800
19/06/2016,Sha Tin,4,1600
19/06/2016,Sha Tin,5,1200
19/06/2016,Sha Tin,6,1200
19/06/2016,Sha Tin,7,1400
19/06/2016,Sha Tin,8,1400
19/06/2016,Sha Tin,9,1200
19/06/2016,Sha Tin,10,1200
15/06/2016,Happy Valley,1,1800
15/06/2016,Happy Valley,2,1650
15/06/2016,Happy Valley,3,1200
15/06/2016,Happy Valley,4,1650
15/06/2016,Happy Valley,5,1200
15/06/2016,Happy Valley,7,1200
15/06/2016,Happy Valley,8,1650
12/06/2016,Sha Tin,1,1000
12/06/2016,Sha Tin,2,1650
12/06/2016,Sha Tin,4,1200
12/06/2016,Sha Tin,5,1400
12/06/2016,Sha Tin,6,1800
12/06/2016,Sha Tin,7,1650
12/06/2016,Sha Tin,8,1400
12/06/2016,Sha Tin,9,1000
12/06/2016,Sha Tin,10,1200
09/06/2016,Happy Valley,1,1200
09/06/2016,Happy Valley,2,1200
09/06/2016,Happy Valley,3,1000
09/06/2016,Happy Valley,4,1650
09/06/2016,Happy Valley,5,1200
09/06/2016,Happy Valley,6,1650
09/06/2016,Happy Valley,7,1000
09/06/2016,Happy Valley,8,1650
09/06/2016,Happy Valley,9,1650
09/06/2016,Happy Valley,10,1200
05/06/2016,Sha Tin,1,1200
05/06/2016,Sha Tin,2,2000
05/06/2016,Sha Tin,3,1200
05/06/2016,Sha Tin,4,1600
05/06/2016,Sha Tin,5,1400
05/06/2016,Sha Tin,6,1200
05/06/2016,Sha Tin,7,1200
05/06/2016,Sha Tin,8,1600
05/06/2016,Sha Tin,9,1800
05/06/2016,Sha Tin,10,1400
01/06/2016,Happy Valley,1,1650
01/06/2016,Happy Valley,2,1200
01/06/2016,Happy Valley,3,1200
01/06/2016,Happy Valley,4,1650
01/06/2016,Happy Valley,5,1200
01/06/2016,Happy Valley,6,1800
01/06/2016,Happy Valley,7,1200
01/06/2016,Happy Valley,8,1800
29/05/2016,Sha Tin,1,1200
29/05/2016,Sha Tin,2,1600
29/05/2016,Sha Tin,3,1000
29/05/2016,Sha Tin,4,1400
29/05/2016,Sha Tin,5,1200
29/05/2016,Sha Tin,6,1400
29/05/2016,Sha Tin,8,1600
29/05/2016,Sha Tin,9,1600
29/05/2016,Sha Tin,10,1200
22/05/2016,Sha Tin,1,1200
22/05/2016,Sha Tin,2,1800
22/05/2016,Sha Tin,3,1200
22/05/2016,Sha Tin,4,1200
22/05/2016,Sha Tin,5,1600
22/05/2016,Sha Tin,6,1400
22/05/2016,Sha Tin,7,1800
22/05/2016,Sha Tin,8,2400
22/05/2016,Sha Tin,9,1200
22/05/2016,Sha Tin,10,1650
18/05/2016,Happy Valley,1,1200
18/05/2016,Happy Valley,2,1650
18/05/2016,Happy Valley,3,2200
18/05/2016,Happy Valley,4,1200
18/05/2016,Happy Valley,5,1000
18/05/2016,Happy Valley,6,1650
18/05/2016,Happy Valley,7,1650
18/05/2016,Happy Valley,8,1650
14/05/2016,Sha Tin,1,1400
14/05/2016,Sha Tin,2,1650
14/05/2016,Sha Tin,3,1400
14/05/2016,Sha Tin,5,1200
11/05/2016,Happy Valley,4,1200
11/05/2016,Happy Valley,5,1200
11/05/2016,Happy Valley,6,1650
11/05/2016,Happy Valley,7,1800
11/05/2016,Happy Valley,8,1200
07/05/2016,Sha Tin,1,1200
07/05/2016,Sha Tin,2,1600
07/05/2016,Sha Tin,4,1800
07/05/2016,Sha Tin,5,1200
07/05/2016,Sha Tin,6,1200
07/05/2016,Sha Tin,7,1200
07/05/2016,Sha Tin,8,1200
07/05/2016,Sha Tin,9,1400
07/05/2016,Sha Tin,10,1600
04/05/2016,Happy Valley,1,1650
04/05/2016,Happy Valley,3,1650
04/05/2016,Happy Valley,4,1800
04/05/2016,Happy Valley,5,1200
04/05/2016,Happy Valley,6,1000
04/05/2016,Happy Valley,7,1200
04/05/2016,Happy Valley,8,1650
01/05/2016,Sha Tin,1,1000
01/05/2016,Sha Tin,2,2200
01/05/2016,Sha Tin,3,1400
01/05/2016,Sha Tin,4,2000
01/05/2016,Sha Tin,5,1400
01/05/2016,Sha Tin,6,1200
01/05/2016,Sha Tin,7,1200
01/05/2016,Sha Tin,8,1600
01/05/2016,Sha Tin,9,1400
01/05/2016,Sha Tin,10,1400
27/04/2016,Happy Valley,1,1650
27/04/2016,Happy Valley,2,1000
27/04/2016,Happy Valley,3,1200
27/04/2016,Happy Valley,4,1200
27/04/2016,Happy Valley,5,1800
27/04/2016,Happy Valley,6,1200
27/04/2016,Happy Valley,8,1200
24/04/2016,Sha Tin,1,1400
24/04/2016,Sha Tin,3,1200
24/04/2016,Sha Tin,4,1200
24/04/2016,Sha Tin,5,2400
24/04/2016,Sha Tin,7,1400
24/04/2016,Sha Tin,8,2000
24/04/2016,Sha Tin,9,1600
24/04/2016,Sha Tin,10,1600
20/04/2016,Happy Valley,1,1800
20/04/2016,Happy Valley,2,1650
20/04/2016,Happy Valley,4,1650
20/04/2016,Happy Valley,5,2200
20/04/2016,Happy Valley,6,1000
20/04/2016,Happy Valley,7,1650
20/04/2016,Happy Valley,8,1200
16/04/2016,Sha Tin,1,1650
16/04/2016,Sha Tin,2,1400
16/04/2016,Sha Tin,3,1000
16/04/2016,Sha Tin,4,1200
16/04/2016,Sha Tin,5,1200
16/04/2016,Sha Tin,6,1400
16/04/2016,Sha Tin,7,1800
16/04/2016,Sha Tin,8,1200
16/04/2016,Sha Tin,9,1400
16/04/2016,Sha Tin,10,1200
13/04/2016,Happy Valley,1,1000
13/04/2016,Happy Valley,2,1200
13/04/2016,Happy Valley,3,1200
13/04/2016,Happy Valley,4,1650
13/04/2016,Happy Valley,5,1650
13/04/2016,Happy Valley,6,1200
13/04/2016,Happy Valley,7,1000
13/04/2016,Happy Valley,8,1650
13/04/2016,Happy Valley,9,1650
10/04/2016,Sha Tin,1,1000
10/04/2016,Sha Tin,2,1400
10/04/2016,Sha Tin,3,1200
10/04/2016,Sha Tin,4,1200
10/04/2016,Sha Tin,6,1000
10/04/2016,Sha Tin,7,1200
10/04/2016,Sha Tin,8,1800
10/04/2016,Sha Tin,10,1400
06/04/2016,Sha Tin,1,1200
06/04/2016,Sha Tin,2,1800
06/04/2016,Sha Tin,3,1200
06/04/2016,Sha Tin,4,1650
06/04/2016,Sha Tin,5,1800
06/04/2016,Sha Tin,6,1200
06/04/2016,Sha Tin,7,1650
06/04/2016,Sha Tin,8,1200
03/04/2016,Sha Tin,2,1600
03/04/2016,Sha Tin,3,1200
03/04/2016,Sha Tin,4,1200
03/04/2016,Sha Tin,5,1000
03/04/2016,Sha Tin,6,1600
03/04/2016,Sha Tin,7,1600
03/04/2016,Sha Tin,8,2200
03/04/2016,Sha Tin,9,1200
03/04/2016,Sha Tin,10,1400
31/03/2016,Happy Valley,1,1650
31/03/2016,Happy Valley,2,1200
31/03/2016,Happy Valley,3,1200
31/03/2016,Happy Valley,4,1800
31/03/2016,Happy Valley,5,1650
31/03/2016,Happy Valley,6,1650
28/03/2016,Sha Tin,1,1200
28/03/2016,Sha Tin,2,1400
28/03/2016,Sha Tin,3,1400
28/03/2016,Sha Tin,4,1000
28/03/2016,Sha Tin,5,1400
28/03/2016,Sha Tin,6,2000
28/03/2016,Sha Tin,7,1200
28/03/2016,Sha Tin,9,1400
28/03/2016,Sha Tin,10,1200
23/03/2016,Happy Valley,1,1650
23/03/2016,Happy Valley,2,2200
23/03/2016,Happy Valley,3,1650
23/03/2016,Happy Valley,4,1000
23/03/2016,Happy Valley,5,1200
23/03/2016,Happy Valley,6,1650
23/03/2016,Happy Valley,7,1800
23/03/2016,Happy Valley,8,1200
20/03/2016,Sha Tin,3,1200
20/03/2016,Sha Tin,4,1600
20/03/2016,Sha Tin,5,2000
20/03/2016,Sha Tin,6,1400
20/03/2016,Sha Tin,7,1200
20/03/2016,Sha Tin,8,1200
16/03/2016,Happy Valley,3,1200
16/03/2016,Happy Valley,4,1650
16/03/2016,Happy Valley,5,1200
16/03/2016,Happy Valley,6,1650
16/03/2016,Happy Valley,7,1200
16/03/2016,Happy Valley,8,1800
13/03/2016,Sha Tin,1,1800
13/03/2016,Sha Tin,2,1600
13/03/2016,Sha Tin,3,1000
13/03/2016,Sha Tin,4,1650
13/03/2016,Sha Tin,5,1600
13/03/2016,Sha Tin,6,1200
13/03/2016,Sha Tin,7,1000
13/03/2016,Sha Tin,8,1650
13/03/2016,Sha Tin,9,1400
13/03/2016,Sha Tin,10,1400
09/03/2016,Happy Valley,1,1200
09/03/2016,Happy Valley,2,1200
09/03/2016,Happy Valley,3,1200
09/03/2016,Happy Valley,4,1650
09/03/2016,Happy Valley,5,1800
09/03/2016,Happy Valley,6,1000
09/03/2016,Happy Valley,7,1200
09/03/2016,Happy Valley,8,1650
06/03/2016,Sha Tin,1,1650
06/03/2016,Sha Tin,2,1200
06/03/2016,Sha Tin,3,1000
06/03/2016,Sha Tin,4,1200
06/03/2016,Sha Tin,5,1200
06/03/2016,Sha Tin,6,1200
06/03/2016,Sha Tin,7,1400
06/03/2016,Sha Tin,8,1800
06/03/2016,Sha Tin,9,1400
06/03/2016,Sha Tin,10,1800
02/03/2016,Happy Valley,1,1800
02/03/2016,Happy Valley,2,1650
02/03/2016,Happy Valley,3,1650
02/03/2016,Happy Valley,4,1200
02/03/2016,Happy Valley,5,1000
02/03/2016,Happy Valley,6,1200
02/03/2016,Happy Valley,7,1200
02/03/2016,Happy Valley,8,1650
28/02/2016,Sha Tin,1,1200
28/02/2016,Sha Tin,2,2000
28/02/2016,Sha Tin,3,1000
28/02/2016,Sha Tin,4,1200
28/02/2016,Sha Tin,5,1400
28/02/2016,Sha Tin,6,2000
28/02/2016,Sha Tin,7,1600
28/02/2016,Sha Tin,8,1400
28/02/2016,Sha Tin,9,1600
28/02/2016,Sha Tin,10,1400
24/02/2016,Happy Valley,1,1000
24/02/2016,Happy Valley,2,1200
24/02/2016,Happy Valley,3,1200
24/02/2016,Happy Valley,4,1650
24/02/2016,Happy Valley,6,1200
24/02/2016,Happy Valley,7,1650
24/02/2016,Happy Valley,8,1200
24/02/2016,Happy Valley,9,1800
21/02/2016,Sha Tin,1,1200
21/02/2016,Sha Tin,2,1400
21/02/2016,Sha Tin,3,1400
21/02/2016,Sha Tin,4,1400
21/02/2016,Sha Tin,5,2000
21/02/2016,Sha Tin,6,1200
21/02/2016,Sha Tin,7,1800
21/02/2016,Sha Tin,8,1200
21/02/2016,Sha Tin,9,1400
21/02/2016,Sha Tin,10,1600
17/02/2016,Happy Valley,1,1000
17/02/2016,Happy Valley,2,1800
17/02/2016,Happy Valley,3,1200
17/02/2016,Happy Valley,4,1650
17/02/2016,Happy Valley,5,1200
17/02/2016,Happy Valley,6,1650
17/02/2016,Happy Valley,7,1200
17/02/2016,Happy Valley,8,1000
10/02/2016,Sha Tin,1,1200
10/02/2016,Sha Tin,2,1600
10/02/2016,Sha Tin,3,1400
10/02/2016,Sha Tin,4,1200
10/02/2016,Sha Tin,5,1400
10/02/2016,Sha Tin,6,1200
10/02/2016,Sha Tin,7,1600
10/02/2016,Sha Tin,8,1400
10/02/2016,Sha Tin,9,1200
10/02/2016,Sha Tin,10,1400
06/02/2016,Sha Tin,1,1400
06/02/2016,Sha Tin,2,1000
06/02/2016,Sha Tin,3,2000
06/02/2016,Sha Tin,4,1600
06/02/2016,Sha Tin,5,1200
06/02/2016,Sha Tin,6,1600
06/02/2016,Sha Tin,7,1200
06/02/2016,Sha Tin,8,1000
06/02/2016,Sha Tin,9,1800
06/02/2016,Sha Tin,10,1400
03/02/2016,Happy Valley,1,1650
03/02/2016,Happy Valley,2,1800
03/02/2016,Happy Valley,3,1000
03/02/2016,Happy Valley,4,1650
03/02/2016,Happy Valley,5,1200
03/02/2016,Happy Valley,6,1650
03/02/2016,Happy Valley,7,1650
03/02/2016,Happy Valley,8,1200
03/02/2016,Happy Valley,9,1200
31/01/2016,Sha Tin,1,1000
31/01/2016,Sha Tin,2,1600
31/01/2016,Sha Tin,3,1200
31/01/2016,Sha Tin,4,1000
31/01/2016,Sha Tin,5,1600
31/01/2016,Sha Tin,6,1400
31/01/2016,Sha Tin,7,1200
31/01/2016,Sha Tin,8,2000
31/01/2016,Sha Tin,9,1600
31/01/2016,Sha Tin,10,1200
24/01/2016,Sha Tin,1,1800
24/01/2016,Sha Tin,2,1200
24/01/2016,Sha Tin,3,1400
24/01/2016,Sha Tin,4,1800
24/01/2016,Sha Tin,5,1400
24/01/2016,Sha Tin,6,1800
24/01/2016,Sha Tin,7,1200
24/01/2016,Sha Tin,8,1400
24/01/2016,Sha Tin,9,1400
24/01/2016,Sha Tin,10,1600
20/01/2016,Happy Valley,1,1200
20/01/2016,Happy Valley,3,2200
20/01/2016,Happy Valley,4,1200
20/01/2016,Happy Valley,5,1000
20/01/2016,Happy Valley,6,1650
20/01/2016,Happy Valley,7,1200
20/01/2016,Happy Valley,8,1650
17/01/2016,Sha Tin,1,1000
17/01/2016,Sha Tin,2,1200
17/01/2016,Sha Tin,3,1200
17/01/2016,Sha Tin,4,1600
17/01/2016,Sha Tin,5,1800
17/01/2016,Sha Tin,6,1400
17/01/2016,Sha Tin,7,1200
17/01/2016,Sha Tin,8,1200
17/01/2016,Sha Tin,9,1200
17/01/2016,Sha Tin,10,1400
13/01/2016,Happy Valley,1,2200
13/01/2016,Happy Valley,2,1650
13/01/2016,Happy Valley,3,1200
13/01/2016,Happy Valley,4,1650
13/01/2016,Happy Valley,5,1000
13/01/2016,Happy Valley,6,1200
13/01/2016,Happy Valley,7,1650
13/01/2016,Happy Valley,8,1200
09/01/2016,Sha Tin,1,1200
09/01/2016,Sha Tin,2,1650
09/01/2016,Sha Tin,3,1200
09/01/2016,Sha Tin,4,1000
09/01/2016,Sha Tin,5,1650
09/01/2016,Sha Tin,6,1800
09/01/2016,Sha Tin,7,1200
09/01/2016,Sha Tin,8,1650
09/01/2016,Sha Tin,9,1400
09/01/2016,Sha Tin,10,1600
06/01/2016,Happy Valley,1,1200
06/01/2016,Happy Valley,2,1200
06/01/2016,Happy Valley,4,1650
06/01/2016,Happy Valley,5,1650
06/01/2016,Happy Valley,6,2200
06/01/2016,Happy Valley,7,1800
06/01/2016,Happy Valley,8,1200
01/01/2016,Sha Tin,1,1400
01/01/2016,Sha Tin,2,1800
01/01/2016,Sha Tin,7,1200
01/01/2016,Sha Tin,9,1400
01/01/2016,Sha Tin,10,1600
27/12/2015,Sha Tin,1,1200
27/12/2015,Sha Tin,2,1600
27/12/2015,Sha Tin,3,1800
27/12/2015,Sha Tin,4,1200
27/12/2015,Sha Tin,5,1200
27/12/2015,Sha Tin,6,1400
27/12/2015,Sha Tin,7,1400
27/12/2015,Sha Tin,8,1400
27/12/2015,Sha Tin,9,1000
27/12/2015,Sha Tin,10,2000
23/12/2015,Happy Valley,1,1650
23/12/2015,Happy Valley,2,1650
23/12/2015,Happy Valley,3,1200
23/12/2015,Happy Valley,4,1650
23/12/2015,Happy Valley,5,1200
23/12/2015,Happy Valley,6,1200
23/12/2015,Happy Valley,7,1650
23/12/2015,Happy Valley,8,1200
19/12/2015,Sha Tin,1,1400
19/12/2015,Sha Tin,5,1400
19/12/2015,Sha Tin,6,1400
19/12/2015,Sha Tin,7,1200
19/12/2015,Sha Tin,8,1400
19/12/2015,Sha Tin,9,1600
19/12/2015,Sha Tin,10,1650
16/12/2015,Happy Valley,2,1200
16/12/2015,Happy Valley,4,2200
16/12/2015,Happy Valley,5,1200
16/12/2015,Happy Valley,6,1650
16/12/2015,Happy Valley,7,1650
16/12/2015,Happy Valley,8,1200
13/12/2015,Sha Tin,1,1400
13/12/2015,Sha Tin,2,1800
13/12/2015,Sha Tin,3,1200
13/12/2015,Sha Tin,4,2400
13/12/2015,Sha Tin,5,1200
13/12/2015,Sha Tin,6,1600
13/12/2015,Sha Tin,7,1600
13/12/2015,Sha Tin,8,2000
13/12/2015,Sha Tin,9,1400
13/12/2015,Sha Tin,10,1200
09/12/2015,Happy Valley,2,1200
09/12/2015,Happy Valley,4,1650
09/12/2015,Happy Valley,5,1650
09/12/2015,Happy Valley,6,1200
09/12/2015,Happy Valley,7,1000
09/12/2015,Happy Valley,8,1650
09/12/2015,Happy Valley,9,1800
06/12/2015,Sha Tin,1,1400
06/12/2015,Sha Tin,2,1200
06/12/2015,Sha Tin,3,1800
06/12/2015,Sha Tin,4,1200
06/12/2015,Sha Tin,5,1200
06/12/2015,Sha Tin,6,1650
06/12/2015,Sha Tin,7,1200
06/12/2015,Sha Tin,8,1000
06/12/2015,Sha Tin,9,1200
06/12/2015,Sha Tin,10,1400
02/12/2015,Happy Valley,1,1000
02/12/2015,Happy Valley,3,1200
02/12/2015,Happy Valley,4,1800
02/12/2015,Happy Valley,5,1200
02/12/2015,Happy Valley,6,2200
02/12/2015,Happy Valley,7,1200
02/12/2015,Happy Valley,8,1200
29/11/2015,Sha Tin,2,1000
29/11/2015,Sha Tin,3,1200
29/11/2015,Sha Tin,5,1600
29/11/2015,Sha Tin,6,1400
29/11/2015,Sha Tin,7,1400
29/11/2015,Sha Tin,8,1600
29/11/2015,Sha Tin,9,1600
29/11/2015,Sha Tin,10,1400
25/11/2015,Happy Valley,1,1200
25/11/2015,Happy Valley,2,1200
25/11/2015,Happy Valley,3,1200
25/11/2015,Happy Valley,4,1800
25/11/2015,Happy Valley,5,1650
25/11/2015,Happy Valley,6,1650
25/11/2015,Happy Valley,7,1200
25/11/2015,Happy Valley,8,1650
21/11/2015,Sha Tin,1,1400
21/11/2015,Sha Tin,2,1400
21/11/2015,Sha Tin,3,1200
21/11/2015,Sha Tin,4,1800
21/11/2015,Sha Tin,5,1800
21/11/2015,Sha Tin,6,2000
21/11/2015,Sha Tin,7,1600
21/11/2015,Sha Tin,8,1200
21/11/2015,Sha Tin,9,1400
21/11/2015,Sha Tin,10,1200
18/11/2015,Sha Tin,1,1650
18/11/2015,Sha Tin,2,1200
18/11/2015,Sha Tin,3,1200
18/11/2015,Sha Tin,4,1800
18/11/2015,Sha Tin,5,1200
18/11/2015,Sha Tin,6,1650
18/11/2015,Sha Tin,7,1200
18/11/2015,Sha Tin,8,1650
14/11/2015,Sha Tin,1,1200
14/11/2015,Sha Tin,2,1200
14/11/2015,Sha Tin,3,2000
14/11/2015,Sha Tin,4,1400
14/11/2015,Sha Tin,5,1400
14/11/2015,Sha Tin,6,1600
14/11/2015,Sha Tin,7,1000
14/11/2015,Sha Tin,8,1400
14/11/2015,Sha Tin,9,1200
14/11/2015,Sha Tin,10,1600
11/11/2015,Happy Valley,2,1200
11/11/2015,Happy Valley,3,1650
11/11/2015,Happy Valley,4,1650
11/11/2015,Happy Valley,5,1200
11/11/2015,Happy Valley,6,1800
11/11/2015,Happy Valley,7,1000
11/11/2015,Happy Valley,8,1200
11/11/2015,Happy Valley,9,1800
08/11/2015,Sha Tin,1,1400
08/11/2015,Sha Tin,2,1200
08/11/2015,Sha Tin,3,1200
08/11/2015,Sha Tin,4,1650
08/11/2015,Sha Tin,5,1000
08/11/2015,Sha Tin,6,1200
08/11/2015,Sha Tin,7,1400
08/11/2015,Sha Tin,8,1800
08/11/2015,Sha Tin,9,1400
08/11/2015,Sha Tin,10,1400
01/11/2015,Happy Valley,1,1800
01/11/2015,Happy Valley,2,1650
01/11/2015,Happy Valley,3,1200
01/11/2015,Happy Valley,4,1200
01/11/2015,Happy Valley,5,1650
01/11/2015,Happy Valley,6,1650
01/11/2015,Happy Valley,7,1650
01/11/2015,Happy Valley,8,1200
01/11/2015,Happy Valley,9,1650
01/11/2015,Happy Valley,10,1200
25/10/2015,Sha Tin,1,1600
25/10/2015,Sha Tin,2,1200
25/10/2015,Sha Tin,3,2000
25/10/2015,Sha Tin,4,1200
25/10/2015,Sha Tin,5,1400
25/10/2015,Sha Tin,6,1800
25/10/2015,Sha Tin,7,1600
25/10/2015,Sha Tin,8,1600
25/10/2015,Sha Tin,9,1200
25/10/2015,Sha Tin,10,1400
22/10/2015,Happy Valley,1,1000
22/10/2015,Happy Valley,2,1200
22/10/2015,Happy Valley,3,1200
22/10/2015,Happy Valley,4,1650
22/10/2015,Happy Valley,5,1650
22/10/2015,Happy Valley,6,1200
22/10/2015,Happy Valley,7,1650
22/10/2015,Happy Valley,8,1650
18/10/2015,Sha Tin,1,1000
18/10/2015,Sha Tin,2,1400
18/10/2015,Sha Tin,3,1200
18/10/2015,Sha Tin,4,1800
18/10/2015,Sha Tin,5,1400
18/10/2015,Sha Tin,6,1600
18/10/2015,Sha Tin,7,1000
18/10/2015,Sha Tin,8,1200
18/10/2015,Sha Tin,9,1200
18/10/2015,Sha Tin,10,1800
14/10/2015,Happy Valley,1,1200
14/10/2015,Happy Valley,2,1650
14/10/2015,Happy Valley,3,1200
14/10/2015,Happy Valley,4,1800
14/10/2015,Happy Valley,5,1000
14/10/2015,Happy Valley,6,1650
14/10/2015,Happy Valley,7,1200
14/10/2015,Happy Valley,8,1800
10/10/2015,Sha Tin,1,1200
10/10/2015,Sha Tin,2,1200
10/10/2015,Sha Tin,3,1600
10/10/2015,Sha Tin,4,1200
10/10/2015,Sha Tin,5,1400
10/10/2015,Sha Tin,6,1600
10/10/2015,Sha Tin,7,1200
10/10/2015,Sha Tin,8,1400
10/10/2015,Sha Tin,9,1200
10/10/2015,Sha Tin,10,1400
07/10/2015,Happy Valley,1,1650
07/10/2015,Happy Valley,2,1800
07/10/2015,Happy Valley,3,1650
07/10/2015,Happy Valley,4,1200
07/10/2015,Happy Valley,5,1200
07/10/2015,Happy Valley,6,1200
07/10/2015,Happy Valley,7,1200
07/10/2015,Happy Valley,8,1650
04/10/2015,Sha Tin,1,1650
04/10/2015,Sha Tin,2,1000
04/10/2015,Sha Tin,3,1200
04/10/2015,Sha Tin,4,1200
04/10/2015,Sha Tin,5,1800
04/10/2015,Sha Tin,6,1650
04/10/2015,Sha Tin,7,1650
04/10/2015,Sha Tin,8,1400
04/10/2015,Sha Tin,9,1000
04/10/2015,Sha Tin,10,1600
01/10/2015,Sha Tin,1,1400
01/10/2015,Sha Tin,3,1600
01/10/2015,Sha Tin,4,1200
01/10/2015,Sha Tin,5,1400
01/10/2015,Sha Tin,6,1200
01/10/2015,Sha Tin,7,1000
01/10/2015,Sha Tin,8,1400
01/10/2015,Sha Tin,9,1400
01/10/2015,Sha Tin,10,1200
28/09/2015,Sha Tin,1,1200
28/09/2015,Sha Tin,2,1000
28/09/2015,Sha Tin,3,1200
28/09/2015,Sha Tin,4,1600
28/09/2015,Sha Tin,5,1600
28/09/2015,Sha Tin,6,1400
28/09/2015,Sha Tin,7,1200
28/09/2015,Sha Tin,8,1200
28/09/2015,Sha Tin,9,1600
28/09/2015,Sha Tin,10,1400
23/09/2015,Happy Valley,1,1800
23/09/2015,Happy Valley,2,1650
23/09/2015,Happy Valley,3,1800
23/09/2015,Happy Valley,4,1200
23/09/2015,Happy Valley,5,1200
23/09/2015,Happy Valley,6,1200
23/09/2015,Happy Valley,7,1650
23/09/2015,Happy Valley,8,1200
19/09/2015,Sha Tin,1,1400
19/09/2015,Sha Tin,2,1400
19/09/2015,Sha Tin,3,1400
19/09/2015,Sha Tin,4,1650
19/09/2015,Sha Tin,5,1200
19/09/2015,Sha Tin,6,1650
19/09/2015,Sha Tin,7,1400
19/09/2015,Sha Tin,8,1200
19/09/2015,Sha Tin,9,1000
19/09/2015,Sha Tin,10,1400
16/09/2015,Happy Valley,1,1200
16/09/2015,Happy Valley,2,1200
16/09/2015,Happy Valley,3,1650
16/09/2015,Happy Valley,4,1000
16/09/2015,Happy Valley,5,1650
16/09/2015,Happy Valley,6,1650
16/09/2015,Happy Valley,7,1200
16/09/2015,Happy Valley,8,1650
13/09/2015,Sha Tin,1,1600
13/09/2015,Sha Tin,2,1400
13/09/2015,Sha Tin,3,1200
13/09/2015,Sha Tin,4,1600
13/09/2015,Sha Tin,5,1400
13/09/2015,Sha Tin,6,1200
13/09/2015,Sha Tin,7,1200
13/09/2015,Sha Tin,8,1200
13/09/2015,Sha Tin,9,1400
13/09/2015,Sha Tin,10,1600
09/09/2015,Happy Valley,1,1000
09/09/2015,Happy Valley,2,1200
09/09/2015,Happy Valley,3,1000
09/09/2015,Happy Valley,4,1650
09/09/2015,Happy Valley,5,1200
09/09/2015,Happy Valley,6,1650
09/09/2015,Happy Valley,7,1650
09/09/2015,Happy Valley,8,1200
06/09/2015,Sha Tin,1,1200
06/09/2015,Sha Tin,2,1000
06/09/2015,Sha Tin,3,1200
06/09/2015,Sha Tin,4,1400
06/09/2015,Sha Tin,5,1200
06/09/2015,Sha Tin,6,1400
06/09/2015,Sha Tin,7,1400
06/09/2015,Sha Tin,8,1000
06/09/2015,Sha Tin,9,1200
06/09/2015,Sha Tin,10,1400
12/07/2015,Sha Tin,1,1800
12/07/2015,Sha Tin,2,1200
12/07/2015,Sha Tin,4,1200
12/07/2015,Sha Tin,5,1400
12/07/2015,Sha Tin,6,1800
12/07/2015,Sha Tin,7,1400
12/07/2015,Sha Tin,8,1600
12/07/2015,Sha Tin,9,1600
12/07/2015,Sha Tin,10,1400
08/07/2015,Happy Valley,1,1650
08/07/2015,Happy Valley,2,1200
08/07/2015,Happy Valley,3,1200
08/07/2015,Happy Valley,4,1200
08/07/2015,Happy Valley,5,1000
08/07/2015,Happy Valley,6,1000
08/07/2015,Happy Valley,7,1650
08/07/2015,Happy Valley,8,1800
08/07/2015,Happy Valley,9,1200
05/07/2015,Sha Tin,1,1400
05/07/2015,Sha Tin,2,1600
05/07/2015,Sha Tin,4,1400
05/07/2015,Sha Tin,5,1200
05/07/2015,Sha Tin,6,1600
05/07/2015,Sha Tin,7,1400
05/07/2015,Sha Tin,8,1650
05/07/2015,Sha Tin,9,1000
05/07/2015,Sha Tin,10,2000
01/07/2015,Sha Tin,1,1200
01/07/2015,Sha Tin,2,1400
01/07/2015,Sha Tin,3,1200
01/07/2015,Sha Tin,4,1800
01/07/2015,Sha Tin,5,1400
01/07/2015,Sha Tin,6,1650
01/07/2015,Sha Tin,7,2000
01/07/2015,Sha Tin,8,1650
01/07/2015,Sha Tin,9,1200
01/07/2015,Sha Tin,10,1200
27/06/2015,Sha Tin,1,1200
27/06/2015,Sha Tin,2,1000
27/06/2015,Sha Tin,3,1400
27/06/2015,Sha Tin,4,1200
27/06/2015,Sha Tin,5,1600
27/06/2015,Sha Tin,7,1400
27/06/2015,Sha Tin,8,1200
27/06/2015,Sha Tin,9,1800
27/06/2015,Sha Tin,10,1400
24/06/2015,Happy Valley,1,2200
24/06/2015,Happy Valley,2,1650
24/06/2015,Happy Valley,3,1200
24/06/2015,Happy Valley,4,1200
24/06/2015,Happy Valley,5,1650
24/06/2015,Happy Valley,6,1650
24/06/2015,Happy Valley,7,1200
24/06/2015,Happy Valley,8,1650
21/06/2015,Sha Tin,1,1600
21/06/2015,Sha Tin,2,1200
21/06/2015,Sha Tin,3,1200
21/06/2015,Sha Tin,4,1650
21/06/2015,Sha Tin,5,1600
21/06/2015,Sha Tin,6,1800
21/06/2015,Sha Tin,7,1200
21/06/2015,Sha Tin,8,1400
21/06/2015,Sha Tin,9,1200
21/06/2015,Sha Tin,10,1200
17/06/2015,Happy Valley,1,1000
17/06/2015,Happy Valley,2,1200
17/06/2015,Happy Valley,3,2200
17/06/2015,Happy Valley,4,1000
17/06/2015,Happy Valley,5,1650
17/06/2015,Happy Valley,6,1200
17/06/2015,Happy Valley,7,1800
17/06/2015,Happy Valley,8,1200
14/06/2015,Sha Tin,1,1200
14/06/2015,Sha Tin,2,1400
14/06/2015,Sha Tin,3,1200
14/06/2015,Sha Tin,4,2000
14/06/2015,Sha Tin,5,1400
14/06/2015,Sha Tin,6,1600
14/06/2015,Sha Tin,7,1400
14/06/2015,Sha Tin,8,1400
14/06/2015,Sha Tin,9,1000
14/06/2015,Sha Tin,10,1600
10/06/2015,Happy Valley,1,1200
10/06/2015,Happy Valley,2,1650
10/06/2015,Happy Valley,3,2200
10/06/2015,Happy Valley,4,1650
10/06/2015,Happy Valley,5,1200
10/06/2015,Happy Valley,6,1200
10/06/2015,Happy Valley,7,1650
10/06/2015,Happy Valley,8,1200
07/06/2015,Sha Tin,1,1200
07/06/2015,Sha Tin,2,1650
07/06/2015,Sha Tin,3,1400
07/06/2015,Sha Tin,4,1400
07/06/2015,Sha Tin,5,1200
07/06/2015,Sha Tin,6,1600
07/06/2015,Sha Tin,7,1800
07/06/2015,Sha Tin,8,1800
07/06/2015,Sha Tin,9,1400
07/06/2015,Sha Tin,10,1200
03/06/2015,Happy Valley,1,1200
03/06/2015,Happy Valley,2,1650
03/06/2015,Happy Valley,3,1000
03/06/2015,Happy Valley,4,1200
03/06/2015,Happy Valley,5,1200
03/06/2015,Happy Valley,6,1000
03/06/2015,Happy Valley,7,1650
03/06/2015,Happy Valley,8,1650
31/05/2015,Sha Tin,1,1600
31/05/2015,Sha Tin,2,1000
31/05/2015,Sha Tin,3,2000
31/05/2015,Sha Tin,4,1800
31/05/2015,Sha Tin,5,1400
31/05/2015,Sha Tin,6,1600
31/05/2015,Sha Tin,7,2400
31/05/2015,Sha Tin,8,1200
31/05/2015,Sha Tin,9,1200
31/05/2015,Sha Tin,10,1400
27/05/2015,Sha Tin,1,1800
27/05/2015,Sha Tin,2,1650
27/05/2015,Sha Tin,3,1200
27/05/2015,Sha Tin,4,1200
27/05/2015,Sha Tin,5,1650
27/05/2015,Sha Tin,6,1200
27/05/2015,Sha Tin,7,1650
27/05/2015,Sha Tin,8,1800
24/05/2015,Sha Tin,1,1000
24/05/2015,Sha Tin,2,1200
24/05/2015,Sha Tin,3,1400
24/05/2015,Sha Tin,4,1200
24/05/2015,Sha Tin,5,1600
24/05/2015,Sha Tin,6,1200
24/05/2015,Sha Tin,7,1400
24/05/2015,Sha Tin,8,1400
24/05/2015,Sha Tin,9,1000
24/05/2015,Sha Tin,10,1200
16/05/2015,Sha Tin,1,1200
16/05/2015,Sha Tin,2,1000
16/05/2015,Sha Tin,3,2200
16/05/2015,Sha Tin,4,1400
16/05/2015,Sha Tin,5,1200
16/05/2015,Sha Tin,6,1600
16/05/2015,Sha Tin,7,1600
16/05/2015,Sha Tin,8,1800
16/05/2015,Sha Tin,9,1400
16/05/2015,Sha Tin,10,1200
09/05/2015,Sha Tin,1,1650
09/05/2015,Sha Tin,2,2000
09/05/2015,Sha Tin,3,1400
09/05/2015,Sha Tin,4,1400
09/05/2015,Sha Tin,5,1200
09/05/2015,Sha Tin,6,1650
09/05/2015,Sha Tin,7,1000
09/05/2015,Sha Tin,8,2400
09/05/2015,Sha Tin,9,1600
09/05/2015,Sha Tin,10,1400
06/05/2015,Happy Valley,1,1800
06/05/2015,Happy Valley,2,1200
06/05/2015,Happy Valley,3,1650
06/05/2015,Happy Valley,4,1200
06/05/2015,Happy Valley,5,1200
06/05/2015,Happy Valley,6,2200
06/05/2015,Happy Valley,7,1200
06/05/2015,Happy Valley,8,1650
03/05/2015,Sha Tin,1,1200
03/05/2015,Sha Tin,2,1400
03/05/2015,Sha Tin,3,1000
03/05/2015,Sha Tin,4,1200
03/05/2015,Sha Tin,5,1600
03/05/2015,Sha Tin,6,1400
03/05/2015,Sha Tin,7,1600
03/05/2015,Sha Tin,8,1600
03/05/2015,Sha Tin,9,1000
03/05/2015,Sha Tin,10,1200
29/04/2015,Happy Valley,1,1200
29/04/2015,Happy Valley,2,1200
29/04/2015,Happy Valley,3,1000
29/04/2015,Happy Valley,4,1650
29/04/2015,Happy Valley,5,2200
29/04/2015,Happy Valley,6,1000
29/04/2015,Happy Valley,7,1200
29/04/2015,Happy Valley,8,1650
26/04/2015,Sha Tin,1,2000
26/04/2015,Sha Tin,2,1400
26/04/2015,Sha Tin,4,1200
26/04/2015,Sha Tin,5,1800
26/04/2015,Sha Tin,6,1400
26/04/2015,Sha Tin,7,1200
26/04/2015,Sha Tin,8,2000
26/04/2015,Sha Tin,10,1200
22/04/2015,Happy Valley,1,1000
22/04/2015,Happy Valley,2,1200
22/04/2015,Happy Valley,3,1650
22/04/2015,Happy Valley,4,1000
22/04/2015,Happy Valley,5,1650
22/04/2015,Happy Valley,6,1200
22/04/2015,Happy Valley,7,1650
22/04/2015,Happy Valley,8,1200
19/04/2015,Sha Tin,1,1400
19/04/2015,Sha Tin,2,1800
19/04/2015,Sha Tin,3,1200
19/04/2015,Sha Tin,4,1400
19/04/2015,Sha Tin,5,2200
19/04/2015,Sha Tin,6,1650
19/04/2015,Sha Tin,7,1000
19/04/2015,Sha Tin,8,1200
19/04/2015,Sha Tin,9,1600
19/04/2015,Sha Tin,10,1400
15/04/2015,Happy Valley,1,1200
15/04/2015,Happy Valley,2,2200
15/04/2015,Happy Valley,3,1650
15/04/2015,Happy Valley,4,1650
15/04/2015,Happy Valley,5,1200
15/04/2015,Happy Valley,6,1200
15/04/2015,Happy Valley,7,1000
15/04/2015,Happy Valley,8,1650
12/04/2015,Sha Tin,1,1000
12/04/2015,Sha Tin,2,1200
12/04/2015,Sha Tin,3,1650
12/04/2015,Sha Tin,4,1200
12/04/2015,Sha Tin,5,1000
12/04/2015,Sha Tin,6,1400
12/04/2015,Sha Tin,7,2200
12/04/2015,Sha Tin,8,1200
12/04/2015,Sha Tin,9,1650
12/04/2015,Sha Tin,10,1400
07/04/2015,Sha Tin,1,1400
07/04/2015,Sha Tin,2,2000
07/04/2015,Sha Tin,3,1400
07/04/2015,Sha Tin,4,1200
07/04/2015,Sha Tin,5,1400
07/04/2015,Sha Tin,6,1600
07/04/2015,Sha Tin,7,1600
07/04/2015,Sha Tin,8,1600
07/04/2015,Sha Tin,9,1000
07/04/2015,Sha Tin,10,1200
01/04/2015,Happy Valley,1,1800
01/04/2015,Happy Valley,2,1000
01/04/2015,Happy Valley,3,1650
01/04/2015,Happy Valley,4,1200
01/04/2015,Happy Valley,5,1650
01/04/2015,Happy Valley,6,1200
01/04/2015,Happy Valley,7,1650
01/04/2015,Happy Valley,8,1200
01/04/2015,Happy Valley,9,1800
29/03/2015,Sha Tin,1,1600
29/03/2015,Sha Tin,2,1200
29/03/2015,Sha Tin,3,1200
29/03/2015,Sha Tin,4,1400
29/03/2015,Sha Tin,5,1200
29/03/2015,Sha Tin,6,1600
29/03/2015,Sha Tin,7,1400
29/03/2015,Sha Tin,8,1200
29/03/2015,Sha Tin,9,1800
29/03/2015,Sha Tin,10,1400
25/03/2015,Sha Tin,1,1200
25/03/2015,Sha Tin,2,1800
25/03/2015,Sha Tin,3,1200
25/03/2015,Sha Tin,4,1650
25/03/2015,Sha Tin,5,1650
25/03/2015,Sha Tin,6,1200
25/03/2015,Sha Tin,7,1200
25/03/2015,Sha Tin,8,1800
21/03/2015,Sha Tin,1,1800
21/03/2015,Sha Tin,2,1000
21/03/2015,Sha Tin,3,1400
21/03/2015,Sha Tin,4,1200
21/03/2015,Sha Tin,5,1400
21/03/2015,Sha Tin,6,1000
21/03/2015,Sha Tin,7,1200
21/03/2015,Sha Tin,8,1600
21/03/2015,Sha Tin,9,1200
21/03/2015,Sha Tin,10,1400
18/03/2015,Happy Valley,1,1650
18/03/2015,Happy Valley,2,1200
18/03/2015,Happy Valley,3,1200
18/03/2015,Happy Valley,4,1800
18/03/2015,Happy Valley,5,1650
18/03/2015,Happy Valley,6,1800
18/03/2015,Happy Valley,7,1650
18/03/2015,Happy Valley,8,1200
15/03/2015,Sha Tin,1,1400
15/03/2015,Sha Tin,2,1200
15/03/2015,Sha Tin,3,1400
15/03/2015,Sha Tin,4,1600
15/03/2015,Sha Tin,5,1800
15/03/2015,Sha Tin,6,1200
15/03/2015,Sha Tin,7,1400
15/03/2015,Sha Tin,8,1400
15/03/2015,Sha Tin,9,2000
15/03/2015,Sha Tin,10,1400
11/03/2015,Happy Valley,1,1800
11/03/2015,Happy Valley,2,1000
11/03/2015,Happy Valley,3,1650
11/03/2015,Happy Valley,4,1650
11/03/2015,Happy Valley,5,1200
11/03/2015,Happy Valley,6,1650
11/03/2015,Happy Valley,7,1000
11/03/2015,Happy Valley,8,1200
11/03/2015,Happy Valley,9,1200
08/03/2015,Sha Tin,1,1650
08/03/2015,Sha Tin,2,1000
08/03/2015,Sha Tin,3,1650
08/03/2015,Sha Tin,4,1400
08/03/2015,Sha Tin,5,1800
08/03/2015,Sha Tin,6,1600
08/03/2015,Sha Tin,7,1200
08/03/2015,Sha Tin,8,1000
08/03/2015,Sha Tin,9,1400
08/03/2015,Sha Tin,10,1400
04/03/2015,Happy Valley,1,1000
04/03/2015,Happy Valley,2,1200
04/03/2015,Happy Valley,3,1650
04/03/2015,Happy Valley,4,1200
04/03/2015,Happy Valley,5,1650
04/03/2015,Happy Valley,6,1650
04/03/2015,Happy Valley,7,1200
04/03/2015,Happy Valley,8,1800
04/03/2015,Happy Valley,9,1650
01/03/2015,Sha Tin,1,2000
01/03/2015,Sha Tin,2,1200
01/03/2015,Sha Tin,3,1400
01/03/2015,Sha Tin,4,1200
01/03/2015,Sha Tin,5,1200
01/03/2015,Sha Tin,6,1400
01/03/2015,Sha Tin,7,2000
01/03/2015,Sha Tin,8,1600
01/03/2015,Sha Tin,9,1200
01/03/2015,Sha Tin,10,1800
25/02/2015,Happy Valley,1,1200
25/02/2015,Happy Valley,2,1000
25/02/2015,Happy Valley,3,2200
25/02/2015,Happy Valley,4,1200
25/02/2015,Happy Valley,5,1650
25/02/2015,Happy Valley,6,1200
25/02/2015,Happy Valley,7,1650
25/02/2015,Happy Valley,8,1200
25/02/2015,Happy Valley,9,1650
21/02/2015,Sha Tin,1,1200
21/02/2015,Sha Tin,2,1400
21/02/2015,Sha Tin,3,1200
21/02/2015,Sha Tin,4,1600
21/02/2015,Sha Tin,5,1400
21/02/2015,Sha Tin,6,1200
21/02/2015,Sha Tin,7,2000
21/02/2015,Sha Tin,8,1400
21/02/2015,Sha Tin,9,1200
21/02/2015,Sha Tin,10,1600
15/02/2015,Sha Tin,1,1600
15/02/2015,Sha Tin,2,1800
15/02/2015,Sha Tin,3,1400
15/02/2015,Sha Tin,4,1650
15/02/2015,Sha Tin,5,2000
15/02/2015,Sha Tin,6,1650
15/02/2015,Sha Tin,7,1200
15/02/2015,Sha Tin,8,1400
15/02/2015,Sha Tin,9,1800
15/02/2015,Sha Tin,10,1600
11/02/2015,Happy Valley,1,2200
11/02/2015,Happy Valley,2,1650
11/02/2015,Happy Valley,3,1200
11/02/2015,Happy Valley,4,1200
11/02/2015,Happy Valley,5,1000
11/02/2015,Happy Valley,6,1650
11/02/2015,Happy Valley,7,1200
11/02/2015,Happy Valley,8,1200
07/02/2015,Sha Tin,1,1200
07/02/2015,Sha Tin,2,1000
07/02/2015,Sha Tin,3,1400
07/02/2015,Sha Tin,4,1200
07/02/2015,Sha Tin,5,1600
07/02/2015,Sha Tin,6,1200
07/02/2015,Sha Tin,7,1200
07/02/2015,Sha Tin,8,1800
07/02/2015,Sha Tin,9,1600
07/02/2015,Sha Tin,10,1400
04/02/2015,Happy Valley,1,1650
04/02/2015,Happy Valley,2,1000
04/02/2015,Happy Valley,3,1200
04/02/2015,Happy Valley,4,1800
04/02/2015,Happy Valley,5,1200
04/02/2015,Happy Valley,6,1650
04/02/2015,Happy Valley,7,1200
04/02/2015,Happy Valley,8,1800
01/02/2015,Sha Tin,1,1400
01/02/2015,Sha Tin,2,1000
01/02/2015,Sha Tin,3,1400
01/02/2015,Sha Tin,4,1800
01/02/2015,Sha Tin,5,1200
01/02/2015,Sha Tin,6,1000
01/02/2015,Sha Tin,7,1200
01/02/2015,Sha Tin,8,1200
01/02/2015,Sha Tin,9,1400
01/02/2015,Sha Tin,10,1600
28/01/2015,Happy Valley,1,1650
28/01/2015,Happy Valley,2,1200
28/01/2015,Happy Valley,3,1000
28/01/2015,Happy Valley,4,1650
28/01/2015,Happy Valley,5,1200
28/01/2015,Happy Valley,6,1800
28/01/2015,Happy Valley,7,1000
28/01/2015,Happy Valley,8,1650
25/01/2015,Sha Tin,1,1650
25/01/2015,Sha Tin,2,2000
25/01/2015,Sha Tin,3,1200
25/01/2015,Sha Tin,4,1400
25/01/2015,Sha Tin,5,1200
25/01/2015,Sha Tin,6,1800
25/01/2015,Sha Tin,7,1000
25/01/2015,Sha Tin,8,1600
25/01/2015,Sha Tin,9,1200
25/01/2015,Sha Tin,10,1400
21/01/2015,Happy Valley,1,1200
21/01/2015,Happy Valley,2,1200
21/01/2015,Happy Valley,3,1650
21/01/2015,Happy Valley,4,1000
21/01/2015,Happy Valley,5,1200
21/01/2015,Happy Valley,6,1200
21/01/2015,Happy Valley,7,1650
21/01/2015,Happy Valley,8,1650
18/01/2015,Sha Tin,1,1200
18/01/2015,Sha Tin,2,1000
18/01/2015,Sha Tin,3,1400
18/01/2015,Sha Tin,4,1400
18/01/2015,Sha Tin,5,1600
18/01/2015,Sha Tin,6,1400
18/01/2015,Sha Tin,7,1800
18/01/2015,Sha Tin,8,1600
18/01/2015,Sha Tin,9,1400
18/01/2015,Sha Tin,10,1800
14/01/2015,Happy Valley,1,1800
14/01/2015,Happy Valley,2,1200
14/01/2015,Happy Valley,3,1200
14/01/2015,Happy Valley,4,1800
14/01/2015,Happy Valley,5,1650
14/01/2015,Happy Valley,6,1000
14/01/2015,Happy Valley,7,1200
14/01/2015,Happy Valley,8,1650
10/01/2015,Sha Tin,1,1200
10/01/2015,Sha Tin,1,1200
10/01/2015,Sha Tin,3,1200
10/01/2015,Sha Tin,4,1200
10/01/2015,Sha Tin,5,1400
10/01/2015,Sha Tin,6,1600
10/01/2015,Sha Tin,7,1200
10/01/2015,Sha Tin,8,1000
10/01/2015,Sha Tin,9,1600
10/01/2015,Sha Tin,10,1400
07/01/2015,Happy Valley,1,1650
07/01/2015,Happy Valley,2,1000
07/01/2015,Happy Valley,3,1200
07/01/2015,Happy Valley,4,1650
07/01/2015,Happy Valley,5,1800
07/01/2015,Happy Valley,6,1800
07/01/2015,Happy Valley,7,1200
07/01/2015,Happy Valley,8,1650
04/01/2015,Sha Tin,1,1000
04/01/2015,Sha Tin,2,1600
04/01/2015,Sha Tin,3,1200
04/01/2015,Sha Tin,4,1400
04/01/2015,Sha Tin,5,1200
04/01/2015,Sha Tin,6,1800
04/01/2015,Sha Tin,7,1200
04/01/2015,Sha Tin,8,1200
04/01/2015,Sha Tin,9,1400
04/01/2015,Sha Tin,10,1600
